replay_case_id,symbol,as_of_date,size_group,mcap_b,sector,data_quality,st_status,market_cap_quality,market_cap,ma20,atr_pct,macd,vol_ratio,price_pos,turnover_1d,avg_turnover_20d,filter_market_cap,filter_st,filter_turnover_1d,filter_turnover_20d,filter_price_pos,filter_vol_ratio,filter_atr,final_candidate,exclusion_reason,pit_confidence,mode,replay_confidence,case_hash
300029_2012-06-15,300029,2012-06-15,SMALL,0.24,其他专业工程,PARTIAL,UNKNOWN,UNKNOWN,0,0.7626421893169867,4.997535368407131,-7.254828201962668,1.7650503397072188,,81932515.625,43931445.703125,UNKNOWN,UNKNOWN,PASS,PASS,UNKNOWN,FAIL,PASS,UNKNOWN,MARKET_CAP_UNKNOWN; ST_UNKNOWN; PRICE_POS_UNKNOWN; VOL_RATIO_BELOW,LOW,RESEARCH,BLOCKED,3d16afa7
300029_2015-06-15,300029,2015-06-15,SMALL,0.24,其他专业工程,PARTIAL,UNKNOWN,UNKNOWN,0,0.5075085606487746,5.588544921030434,6.551782058150344,0.9978598429117642,95.33980776621134,196021765.625,154986846.09375,UNKNOWN,UNKNOWN,PASS,PASS,FAIL,FAIL,PASS,UNKNOWN,MARKET_CAP_UNKNOWN; ST_UNKNOWN; PRICE_POS_ABOVE; VOL_RATIO_BELOW,LOW,RESEARCH,BLOCKED,95987ad5
300029_2018-10-15,300029,2018-10-15,SMALL,0.24,其他专业工程,PARTIAL,UNKNOWN,UNKNOWN,0,5.409,3.7876528481956466,-3.07812017813731,0.43643392283356597,56.690705051779986,7059022.0,20817327.65,UNKNOWN,UNKNOWN,FAIL,FAIL,FAIL,FAIL,PASS,UNKNOWN,MARKET_CAP_UNKNOWN; ST_UNKNOWN; TURNOVER_1D_BELOW; TURNOVER_20D_BELOW; PRICE_POS_ABOVE; VOL_RATIO_BELOW,LOW,RESEARCH,BLOCKED,72acd53b
605081_2021-10-15,605081,2021-10-15,SMALL,0.45,水务及水治理,PARTIAL,UNKNOWN,UNKNOWN,0,23.642,3.058560238716892,-0.6187414225803507,0.5071702399545648,,9516428.0,17512172.05,UNKNOWN,UNKNOWN,FAIL,FAIL,UNKNOWN,FAIL,PASS,UNKNOWN,MARKET_CAP_UNKNOWN; ST_UNKNOWN; TURNOVER_1D_BELOW; TURNOVER_20D_BELOW; PRICE_POS_UNKNOWN; VOL_RATIO_BELOW,LOW,RESEARCH,BLOCKED,1d85346d
605081_2022-12-15,605081,2022-12-15,SMALL,0.45,水务及水治理,PARTIAL,UNKNOWN,UNKNOWN,0,16.8265,1.297919889977656,-0.2037796078588816,1.038751739799282,,7546248.0,12651812.5,UNKNOWN,UNKNOWN,FAIL,FAIL,UNKNOWN,FAIL,FAIL,UNKNOWN,MARKET_CAP_UNKNOWN; ST_UNKNOWN; TURNOVER_1D_BELOW; TURNOVER_20D_BELOW; PRICE_POS_UNKNOWN; VOL_RATIO_BELOW; ATR_BELOW,LOW,RESEARCH,BLOCKED,d58aaacd
605081_2024-06-15,605081,2024-06-15,SMALL,0.45,水务及水治理,PARTIAL,UNKNOWN,UNKNOWN,0,12.102,5.862312030075186,-0.3072674613778306,1.0720093832746105,28.33850931677019,73225600.0,67137280.0,UNKNOWN,UNKNOWN,FAIL,PASS,PASS,FAIL,PASS,UNKNOWN,MARKET_CAP_UNKNOWN; ST_UNKNOWN; TURNOVER_1D_BELOW; VOL_RATIO_BELOW,LOW,RESEARCH,BLOCKED,cb0b9216
600421_2007-10-15,600421,2007-10-15,SMALL,0.47,金属制品,PARTIAL,UNKNOWN,UNKNOWN,0,0.37255389212348966,5.801789918469864,3.8434205188814157,1.0415521674521788,,12175596.6796875,11932486.364746094,UNKNOWN,UNKNOWN,FAIL,FAIL,UNKNOWN,FAIL,PASS,UNKNOWN,MARKET_CAP_UNKNOWN; ST_UNKNOWN; TURNOVER_1D_BELOW; TURNOVER_20D_BELOW; PRICE_POS_UNKNOWN; VOL_RATIO_BELOW,LOW,RESEARCH,BLOCKED,57d1cfe2
600421_2008-10-15,600421,2008-10-15,SMALL,0.47,金属制品,PARTIAL,UNKNOWN,UNKNOWN,0,0.6003021273234727,3.6324911256861174,0.23308083841703287,0.8973110348006679,61.951214438176784,8711544.921875,12425603.002929688,UNKNOWN,UNKNOWN,FAIL,FAIL,FAIL,FAIL,PASS,UNKNOWN,MARKET_CAP_UNKNOWN; ST_UNKNOWN; TURNOVER_1D_BELOW; TURNOVER_20D_BELOW; PRICE_POS_ABOVE; VOL_RATIO_BELOW,LOW,RESEARCH,BLOCKED,7ad62099
600421_2012-06-15,600421,2012-06-15,SMALL,0.47,金属制品,PARTIAL,UNKNOWN,UNKNOWN,0,0.8611381821313685,3.0455778063279313,-1.6012513817682799,0.8083528483492485,24.068479083170395,12295022.4609375,14781895.532226562,UNKNOWN,UNKNOWN,FAIL,FAIL,PASS,FAIL,PASS,UNKNOWN,MARKET_CAP_UNKNOWN; ST_UNKNOWN; TURNOVER_1D_BELOW; TURNOVER_20D_BELOW; VOL_RATIO_BELOW,LOW,RESEARCH,BLOCKED,b446880d
600608_2005-06-15,600608,2005-06-15,SMALL,0.56,贸易Ⅲ,PARTIAL,UNKNOWN,UNKNOWN,0,1.8742078770050963,3.9599852180211057,-0.431632830784237,0.5024629381863096,40.207658123052234,30441498.046875,55501985.7421875,UNKNOWN,UNKNOWN,FAIL,PASS,FAIL,FAIL,PASS,UNKNOWN,MARKET_CAP_UNKNOWN; ST_UNKNOWN; TURNOVER_1D_BELOW; PRICE_POS_ABOVE; VOL_RATIO_BELOW,LOW,RESEARCH,BLOCKED,e2d84f1f
600608_2007-10-15,600608,2007-10-15,SMALL,0.56,贸易Ⅲ,PARTIAL,UNKNOWN,UNKNOWN,0,0.8732452598425141,3.6329798356718,-0.5683965291864567,0.8940280608417749,20.516124908018423,17378132.8125,15854434.838867188,UNKNOWN,UNKNOWN,FAIL,FAIL,PASS,FAIL,PASS,UNKNOWN,MARKET_CAP_UNKNOWN; ST_UNKNOWN; TURNOVER_1D_BELOW; TURNOVER_20D_BELOW; VOL_RATIO_BELOW,LOW,RESEARCH,BLOCKED,a4ee71e4
600608_2008-10-15,600608,2008-10-15,SMALL,0.56,贸易Ⅲ,PARTIAL,UNKNOWN,UNKNOWN,0,2.7032415968654435,4.502166393632118,4.688698830070201,1.9413579449893728,81.56563597522592,248476968.75,66251975.29296875,UNKNOWN,UNKNOWN,PASS,PASS,FAIL,FAIL,PASS,UNKNOWN,MARKET_CAP_UNKNOWN; ST_UNKNOWN; PRICE_POS_ABOVE; VOL_RATIO_BELOW,LOW,RESEARCH,BLOCKED,e3254e87
600193_2005-06-15,600193,2005-06-15,SMALL,0.68,装修装饰Ⅲ,PARTIAL,UNKNOWN,UNKNOWN,0,0.8420358848932337,2.7414875566764385,0.3869533802730116,0.9363465688786733,23.56630746115868,1170036.0107421875,3108228.692626953,UNKNOWN,UNKNOWN,FAIL,FAIL,PASS,FAIL,FAIL,UNKNOWN,MARKET_CAP_UNKNOWN; ST_UNKNOWN; TURNOVER_1D_BELOW; TURNOVER_20D_BELOW; VOL_RATIO_BELOW; ATR_BELOW,LOW,RESEARCH,BLOCKED,02cd7962
600193_2007-10-15,600193,2007-10-15,SMALL,0.68,装修装饰Ⅲ,PARTIAL,UNKNOWN,UNKNOWN,0,0.585247429647608,3.4509405218630036,-1.7609919302627002,0.8075273517453666,46.67746482488677,5914196.77734375,2929718.1640625,UNKNOWN,UNKNOWN,FAIL,FAIL,FAIL,FAIL,PASS,UNKNOWN,MARKET_CAP_UNKNOWN; ST_UNKNOWN; TURNOVER_1D_BELOW; TURNOVER_20D_BELOW; PRICE_POS_ABOVE; VOL_RATIO_BELOW,LOW,RESEARCH,BLOCKED,9275c6a4
600193_2008-10-15,600193,2008-10-15,SMALL,0.68,装修装饰Ⅲ,PARTIAL,UNKNOWN,UNKNOWN,0,3.1936970919877687,4.612135213617301,-0.28154646462969435,0.8280909488845396,88.80443674611017,177717562.5,91678716.40625,UNKNOWN,UNKNOWN,PASS,PASS,FAIL,FAIL,PASS,UNKNOWN,MARKET_CAP_UNKNOWN; ST_UNKNOWN; PRICE_POS_ABOVE; VOL_RATIO_BELOW,LOW,RESEARCH,BLOCKED,45c569ce
600599_2005-06-15,600599,2005-06-15,SMALL,0.71,金融控股,PARTIAL,UNKNOWN,UNKNOWN,0,0.7108356954358148,5.657938472925364,1.2821040297405866,0.4007265206895825,19.983380835985404,1007622.9858398438,5227649.502563477,UNKNOWN,UNKNOWN,FAIL,FAIL,PASS,FAIL,PASS,UNKNOWN,MARKET_CAP_UNKNOWN; ST_UNKNOWN; TURNOVER_1D_BELOW; TURNOVER_20D_BELOW; VOL_RATIO_BELOW,LOW,RESEARCH,BLOCKED,19596bcb
600599_2007-10-15,600599,2007-10-15,SMALL,0.71,金融控股,PARTIAL,UNKNOWN,UNKNOWN,0,0.2682657494189891,6.894634741722366,4.746370883869443,1.7561458566656827,20.36753108617807,5505565.91796875,4721783.685302734,UNKNOWN,UNKNOWN,FAIL,FAIL,PASS,FAIL,PASS,UNKNOWN,MARKET_CAP_UNKNOWN; ST_UNKNOWN; TURNOVER_1D_BELOW; TURNOVER_20D_BELOW; VOL_RATIO_BELOW,LOW,RESEARCH,BLOCKED,941b5928
600599_2008-10-15,600599,2008-10-15,SMALL,0.71,金融控股,PARTIAL,UNKNOWN,UNKNOWN,0,0.909636117887835,5.085092542903456,0.07039661270659764,0.4988832954891123,82.45454574812543,8974305.6640625,17925465.52734375,UNKNOWN,UNKNOWN,FAIL,FAIL,FAIL,FAIL,PASS,UNKNOWN,MARKET_CAP_UNKNOWN; ST_UNKNOWN; TURNOVER_1D_BELOW; TURNOVER_20D_BELOW; PRICE_POS_ABOVE; VOL_RATIO_BELOW,LOW,RESEARCH,BLOCKED,0c9b3a47
600200_2005-06-15,600200,2005-06-15,SMALL,2.06,医药商业,PARTIAL,UNKNOWN,UNKNOWN,0,2.2888281059055773,2.62575773318622,-1.143735362647698,1.183502537726538,19.227415821010315,9977461.9140625,5951568.811035156,UNKNOWN,UNKNOWN,FAIL,FAIL,PASS,FAIL,FAIL,UNKNOWN,MARKET_CAP_UNKNOWN; ST_UNKNOWN; TURNOVER_1D_BELOW; TURNOVER_20D_BELOW; VOL_RATIO_BELOW; ATR_BELOW,LOW,RESEARCH,BLOCKED,17f2beb7
600200_2007-10-15,600200,2007-10-15,SMALL,2.06,医药商业,PARTIAL,UNKNOWN,UNKNOWN,0,2.5269237128884816,2.478670876138299,-0.5997658114606926,1.1800999018176617,37.619049747406365,17341673.828125,12772500.476074219,UNKNOWN,UNKNOWN,FAIL,FAIL,PASS,FAIL,FAIL,UNKNOWN,MARKET_CAP_UNKNOWN; ST_UNKNOWN; TURNOVER_1D_BELOW; TURNOVER_20D_BELOW; VOL_RATIO_BELOW; ATR_BELOW,LOW,RESEARCH,BLOCKED,0f701c79
600200_2008-10-15,600200,2008-10-15,SMALL,2.06,医药商业,PARTIAL,UNKNOWN,UNKNOWN,0,3.572716171314897,5.996561350847742,1.3634799450460258,0.7242841656236083,59.314745184706496,82935554.6875,195548036.328125,UNKNOWN,UNKNOWN,PASS,PASS,FAIL,FAIL,PASS,UNKNOWN,MARKET_CAP_UNKNOWN; ST_UNKNOWN; PRICE_POS_ABOVE; VOL_RATIO_BELOW,LOW,RESEARCH,BLOCKED,04cfb8b7
600696_2005-06-15,600696,2005-06-15,SMALL,2.48,白酒Ⅲ,PARTIAL,UNKNOWN,UNKNOWN,0,1.3281458123139873,3.289511669250183,-0.2660467573027291,0.7876729606295678,28.37838853431045,6226117.1875,13453699.90234375,UNKNOWN,UNKNOWN,FAIL,FAIL,PASS,FAIL,PASS,UNKNOWN,MARKET_CAP_UNKNOWN; ST_UNKNOWN; TURNOVER_1D_BELOW; TURNOVER_20D_BELOW; VOL_RATIO_BELOW,LOW,RESEARCH,BLOCKED,5cb6d2a0
600696_2007-10-15,600696,2007-10-15,SMALL,2.48,白酒Ⅲ,PARTIAL,UNKNOWN,UNKNOWN,0,0.9240129450344305,3.137070857834904,0.11639777777094644,0.498780644120849,80.21806572001941,7071402.83203125,16911814.208984375,UNKNOWN,UNKNOWN,FAIL,FAIL,FAIL,FAIL,PASS,UNKNOWN,MARKET_CAP_UNKNOWN; ST_UNKNOWN; TURNOVER_1D_BELOW; TURNOVER_20D_BELOW; PRICE_POS_ABOVE; VOL_RATIO_BELOW,LOW,RESEARCH,BLOCKED,5ad45fdc
600696_2008-10-15,600696,2008-10-15,SMALL,2.48,白酒Ⅲ,PARTIAL,UNKNOWN,UNKNOWN,0,2.2405091911160477,5.488688939180731,-3.1506480563952373,1.2239465970713241,73.63776239722193,100614835.9375,40520670.8984375,UNKNOWN,UNKNOWN,PASS,PASS,FAIL,FAIL,PASS,UNKNOWN,MARKET_CAP_UNKNOWN; ST_UNKNOWN; PRICE_POS_ABOVE; VOL_RATIO_BELOW,LOW,RESEARCH,BLOCKED,c457f862
301139_2022-12-15,301139,2022-12-15,SMALL,4.55,通信工程及服务,PARTIAL,UNKNOWN,UNKNOWN,0,27.964499999999997,2.122679580306697,-0.7095088700012057,0.4971296514936264,,8899116.0,36899122.55,UNKNOWN,UNKNOWN,FAIL,FAIL,UNKNOWN,FAIL,FAIL,UNKNOWN,MARKET_CAP_UNKNOWN; ST_UNKNOWN; TURNOVER_1D_BELOW; TURNOVER_20D_BELOW; PRICE_POS_UNKNOWN; VOL_RATIO_BELOW; ATR_BELOW,LOW,RESEARCH,BLOCKED,8cdd5b32
301139_2024-06-15,301139,2024-06-15,SMALL,4.55,通信工程及服务,PARTIAL,UNKNOWN,UNKNOWN,0,21.912,4.100099436526351,-3.3715963904040103,0.8452395148734194,,49593300.0,66764980.0,UNKNOWN,UNKNOWN,FAIL,PASS,UNKNOWN,FAIL,PASS,UNKNOWN,MARKET_CAP_UNKNOWN; ST_UNKNOWN; TURNOVER_1D_BELOW; PRICE_POS_UNKNOWN; VOL_RATIO_BELOW,LOW,RESEARCH,BLOCKED,2d5d4103
600636_2005-06-15,600636,2005-06-15,MID,7.5,教育运营及其他,PARTIAL,UNKNOWN,UNKNOWN,0,1.3501627129071088,2.3453946075941356,-0.5301869540786972,0.6903979963216851,5.875943538405324,1221389.0380859375,1658433.9714050293,UNKNOWN,UNKNOWN,FAIL,FAIL,PASS,FAIL,FAIL,UNKNOWN,MARKET_CAP_UNKNOWN; ST_UNKNOWN; TURNOVER_1D_BELOW; TURNOVER_20D_BELOW; VOL_RATIO_BELOW; ATR_BELOW,LOW,RESEARCH,BLOCKED,c0f5298e
600636_2007-10-15,600636,2007-10-15,MID,7.5,教育运营及其他,PARTIAL,UNKNOWN,UNKNOWN,0,1.8677564165459977,4.190007067150446,3.641935578395747,1.2940232086987018,88.40976644885367,31994384.765625,26941292.724609375,UNKNOWN,UNKNOWN,FAIL,FAIL,FAIL,FAIL,PASS,UNKNOWN,MARKET_CAP_UNKNOWN; ST_UNKNOWN; TURNOVER_1D_BELOW; TURNOVER_20D_BELOW; PRICE_POS_ABOVE; VOL_RATIO_BELOW,LOW,RESEARCH,BLOCKED,4fe6c85d
600636_2008-10-15,600636,2008-10-15,MID,7.5,教育运营及其他,PARTIAL,UNKNOWN,UNKNOWN,0,3.205102245645574,6.151345605561087,3.472799636263556,1.695835301030499,77.3633391938054,159344828.125,85978460.546875,UNKNOWN,UNKNOWN,PASS,PASS,FAIL,FAIL,PASS,UNKNOWN,MARKET_CAP_UNKNOWN; ST_UNKNOWN; PRICE_POS_ABOVE; VOL_RATIO_BELOW,LOW,RESEARCH,BLOCKED,167b7d9f
300417_2015-06-15,300417,2015-06-15,MID,13.23,仪器仪表,PARTIAL,UNKNOWN,UNKNOWN,0,30.806299648192265,9.757026305095287,-38.27780718231406,0.5953635600660092,,166092593.75,166450100.78125,UNKNOWN,UNKNOWN,PASS,PASS,UNKNOWN,FAIL,PASS,UNKNOWN,MARKET_CAP_UNKNOWN; ST_UNKNOWN; PRICE_POS_UNKNOWN; VOL_RATIO_BELOW,LOW,RESEARCH,BLOCKED,1d0bfe44
300417_2018-10-15,300417,2018-10-15,MID,13.23,仪器仪表,PARTIAL,UNKNOWN,UNKNOWN,0,8.293387938049802,3.756423291143295,-3.7934063901753663,2.0388838043140103,0.08968550182916307,6023476.07421875,4343898.046875,UNKNOWN,UNKNOWN,FAIL,FAIL,PASS,FAIL,PASS,UNKNOWN,MARKET_CAP_UNKNOWN; ST_UNKNOWN; TURNOVER_1D_BELOW; TURNOVER_20D_BELOW; VOL_RATIO_BELOW,LOW,RESEARCH,BLOCKED,f381ef41
300417_2020-06-15,300417,2020-06-15,MID,13.23,仪器仪表,PARTIAL,UNKNOWN,UNKNOWN,0,17.582256249900887,3.69957658259943,-1.7731161531841473,0.8944737683568035,41.33081306763098,50915527.34375,45319099.0234375,UNKNOWN,UNKNOWN,FAIL,PASS,FAIL,FAIL,PASS,UNKNOWN,MARKET_CAP_UNKNOWN; ST_UNKNOWN; TURNOVER_1D_BELOW; PRICE_POS_ABOVE; VOL_RATIO_BELOW,LOW,RESEARCH,BLOCKED,d61cb396
600455_2007-10-15,600455,2007-10-15,MID,13.36,垂直应用软件,PARTIAL,UNKNOWN,UNKNOWN,0,0.5687099402015273,4.537319992521957,-10.866005909432229,2.9936883670212855,,14536828.125,4547118.884277344,UNKNOWN,UNKNOWN,FAIL,FAIL,UNKNOWN,PASS,PASS,UNKNOWN,MARKET_CAP_UNKNOWN; ST_UNKNOWN; TURNOVER_1D_BELOW; TURNOVER_20D_BELOW; PRICE_POS_UNKNOWN,LOW,RESEARCH,BLOCKED,0b94fed7
600455_2008-10-15,600455,2008-10-15,MID,13.36,垂直应用软件,PARTIAL,UNKNOWN,UNKNOWN,0,0.35863988151824155,6.757851857555932,2.359860296767219,1.7469302798852229,,5628108.88671875,7822118.798828125,UNKNOWN,UNKNOWN,FAIL,FAIL,UNKNOWN,FAIL,PASS,UNKNOWN,MARKET_CAP_UNKNOWN; ST_UNKNOWN; TURNOVER_1D_BELOW; TURNOVER_20D_BELOW; PRICE_POS_UNKNOWN; VOL_RATIO_BELOW,LOW,RESEARCH,BLOCKED,32e30710
600455_2012-06-15,600455,2012-06-15,MID,13.36,垂直应用软件,PARTIAL,UNKNOWN,UNKNOWN,0,0.7479343786030203,4.2545710315670835,3.8014268119176,1.668800706953893,83.24099547885807,24985255.859375,21797394.287109375,UNKNOWN,UNKNOWN,FAIL,FAIL,FAIL,FAIL,PASS,UNKNOWN,MARKET_CAP_UNKNOWN; ST_UNKNOWN; TURNOVER_1D_BELOW; TURNOVER_20D_BELOW; PRICE_POS_ABOVE; VOL_RATIO_BELOW,LOW,RESEARCH,BLOCKED,42f73a9e
300621_2018-10-15,300621,2018-10-15,MID,13.67,装修装饰Ⅲ,PARTIAL,UNKNOWN,UNKNOWN,0,9.819127558191482,3.9983020723580807,-4.221584544682865,1.3336815022990216,,17788253.90625,7043103.369140625,UNKNOWN,UNKNOWN,FAIL,FAIL,UNKNOWN,FAIL,PASS,UNKNOWN,MARKET_CAP_UNKNOWN; ST_UNKNOWN; TURNOVER_1D_BELOW; TURNOVER_20D_BELOW; PRICE_POS_UNKNOWN; VOL_RATIO_BELOW,LOW,RESEARCH,BLOCKED,1c4757dd
300621_2020-06-15,300621,2020-06-15,MID,13.67,装修装饰Ⅲ,PARTIAL,UNKNOWN,UNKNOWN,0,10.990948382489076,3.990501113018066,1.4677373371165365,1.1372593434186762,45.537765899245,53559406.25,36159492.67578125,UNKNOWN,UNKNOWN,FAIL,FAIL,FAIL,FAIL,PASS,UNKNOWN,MARKET_CAP_UNKNOWN; ST_UNKNOWN; TURNOVER_1D_BELOW; TURNOVER_20D_BELOW; PRICE_POS_ABOVE; VOL_RATIO_BELOW,LOW,RESEARCH,BLOCKED,8e83b33c
300621_2021-10-15,300621,2021-10-15,MID,13.67,装修装饰Ⅲ,PARTIAL,UNKNOWN,UNKNOWN,0,9.81111472039054,5.247935345501555,-3.168386443511115,0.27794292583114805,25.50831596322858,16847376.953125,73668191.69921875,UNKNOWN,UNKNOWN,FAIL,PASS,PASS,FAIL,PASS,UNKNOWN,MARKET_CAP_UNKNOWN; ST_UNKNOWN; TURNOVER_1D_BELOW; VOL_RATIO_BELOW,LOW,RESEARCH,BLOCKED,63f403b0
301167_2022-12-15,301167,2022-12-15,MID,14.03,工程咨询服务Ⅲ,PARTIAL,UNKNOWN,UNKNOWN,0,17.68610106141437,3.5806979051298695,-2.008612443690474,0.525707760094259,,14139872.0703125,51991792.333984375,UNKNOWN,UNKNOWN,FAIL,PASS,UNKNOWN,FAIL,PASS,UNKNOWN,MARKET_CAP_UNKNOWN; ST_UNKNOWN; TURNOVER_1D_BELOW; PRICE_POS_UNKNOWN; VOL_RATIO_BELOW,LOW,RESEARCH,BLOCKED,7cc54e6d
301167_2024-06-15,301167,2024-06-15,MID,14.03,工程咨询服务Ⅲ,PARTIAL,UNKNOWN,UNKNOWN,0,12.285,5.428077966938073,-2.6005096073487035,0.30735129009075224,21.57562795415282,13668699.999999998,68407210.0,UNKNOWN,UNKNOWN,FAIL,PASS,PASS,FAIL,PASS,UNKNOWN,MARKET_CAP_UNKNOWN; ST_UNKNOWN; TURNOVER_1D_BELOW; VOL_RATIO_BELOW,LOW,RESEARCH,BLOCKED,4386075f
300535_2018-10-15,300535,2018-10-15,MID,14.04,其他化学制品,PARTIAL,UNKNOWN,UNKNOWN,0,12.745806286829051,4.568876882284615,-2.963817529050165,1.7493611271782488,,7291756.8359375,7429747.265625,UNKNOWN,UNKNOWN,FAIL,FAIL,UNKNOWN,FAIL,PASS,UNKNOWN,MARKET_CAP_UNKNOWN; ST_UNKNOWN; TURNOVER_1D_BELOW; TURNOVER_20D_BELOW; PRICE_POS_UNKNOWN; VOL_RATIO_BELOW,LOW,RESEARCH,BLOCKED,7d71b6b0
300535_2020-06-15,300535,2020-06-15,MID,14.04,其他化学制品,PARTIAL,UNKNOWN,UNKNOWN,0,11.46634271351475,1.521209348622239,-0.3965952078253434,0.8724979919489946,6.3754394522736995,10403421.875,10783396.166992188,UNKNOWN,UNKNOWN,FAIL,FAIL,PASS,FAIL,FAIL,UNKNOWN,MARKET_CAP_UNKNOWN; ST_UNKNOWN; TURNOVER_1D_BELOW; TURNOVER_20D_BELOW; VOL_RATIO_BELOW; ATR_BELOW,LOW,RESEARCH,BLOCKED,21090290
300535_2021-10-15,300535,2021-10-15,MID,14.04,其他化学制品,PARTIAL,UNKNOWN,UNKNOWN,0,15.078647174269614,5.420587549532979,-1.624346184951997,0.3830549140478232,41.63675783133491,19780130.859375,47555215.234375,UNKNOWN,UNKNOWN,FAIL,PASS,FAIL,FAIL,PASS,UNKNOWN,MARKET_CAP_UNKNOWN; ST_UNKNOWN; TURNOVER_1D_BELOW; PRICE_POS_ABOVE; VOL_RATIO_BELOW,LOW,RESEARCH,BLOCKED,171135fe
300405_2015-06-15,300405,2015-06-15,MID,14.08,其他化学制品,PARTIAL,UNKNOWN,UNKNOWN,0,11.558062023357357,4.580163197779651,-1105.455109048972,0.6428806293795536,,26223855.46875,59261259.375,UNKNOWN,UNKNOWN,FAIL,PASS,UNKNOWN,FAIL,PASS,UNKNOWN,MARKET_CAP_UNKNOWN; ST_UNKNOWN; TURNOVER_1D_BELOW; PRICE_POS_UNKNOWN; VOL_RATIO_BELOW,LOW,RESEARCH,BLOCKED,6492c94f
300405_2018-10-15,300405,2018-10-15,MID,14.08,其他化学制品,PARTIAL,UNKNOWN,UNKNOWN,0,4.045161269926238,2.5763750737037574,-0.47850922207275615,1.4394756408804965,2.1338714202185733,9107435.546875,5932231.018066406,UNKNOWN,UNKNOWN,FAIL,FAIL,PASS,FAIL,FAIL,UNKNOWN,MARKET_CAP_UNKNOWN; ST_UNKNOWN; TURNOVER_1D_BELOW; TURNOVER_20D_BELOW; VOL_RATIO_BELOW; ATR_BELOW,LOW,RESEARCH,BLOCKED,3fb91398
300405_2020-06-15,300405,2020-06-15,MID,14.08,其他化学制品,PARTIAL,UNKNOWN,UNKNOWN,0,4.206105250192708,2.8236961056687906,-0.2549771370061938,4.66665282630971,15.680125751288177,26426320.3125,9413720.1171875,UNKNOWN,UNKNOWN,FAIL,FAIL,PASS,PASS,FAIL,UNKNOWN,MARKET_CAP_UNKNOWN; ST_UNKNOWN; TURNOVER_1D_BELOW; TURNOVER_20D_BELOW; ATR_BELOW,LOW,RESEARCH,BLOCKED,a32ce192
600561_2005-06-15,600561,2005-06-15,MID,14.51,公交,PARTIAL,UNKNOWN,UNKNOWN,0,1.1504959510814818,2.8899406658184845,0.40736350339969396,0.43157519395592164,89.94516081970143,5806497.0703125,10852346.948242188,UNKNOWN,UNKNOWN,FAIL,FAIL,FAIL,FAIL,FAIL,UNKNOWN,MARKET_CAP_UNKNOWN; ST_UNKNOWN; TURNOVER_1D_BELOW; TURNOVER_20D_BELOW; PRICE_POS_ABOVE; VOL_RATIO_BELOW; ATR_BELOW,LOW,RESEARCH,BLOCKED,6017aaca
600561_2007-10-15,600561,2007-10-15,MID,14.51,公交,PARTIAL,UNKNOWN,UNKNOWN,0,1.9180551965910613,10.62344171149551,3.4163857802605726,0.9740576173017679,74.46742125500933,70844570.3125,111594226.171875,UNKNOWN,UNKNOWN,FAIL,PASS,FAIL,FAIL,PASS,UNKNOWN,MARKET_CAP_UNKNOWN; ST_UNKNOWN; TURNOVER_1D_BELOW; PRICE_POS_ABOVE; VOL_RATIO_BELOW,LOW,RESEARCH,BLOCKED,d3b737b3
600561_2008-10-15,600561,2008-10-15,MID,14.51,公交,PARTIAL,UNKNOWN,UNKNOWN,0,1.201991479737418,4.034676894678472,-1.0288444587799448,1.1422931703792303,35.5510087286661,31813039.0625,11088643.701171875,UNKNOWN,UNKNOWN,FAIL,FAIL,PASS,FAIL,PASS,UNKNOWN,MARKET_CAP_UNKNOWN; ST_UNKNOWN; TURNOVER_1D_BELOW; TURNOVER_20D_BELOW; VOL_RATIO_BELOW,LOW,RESEARCH,BLOCKED,d26e8f44
300220_2015-06-15,300220,2015-06-15,MID,14.77,娱乐用品,PARTIAL,UNKNOWN,UNKNOWN,0,3.8719641601717143,5.2778334189619915,3.158763700819385,0.6737352095332436,81.62228154639585,78827812.5,169286869.53125,UNKNOWN,UNKNOWN,FAIL,PASS,FAIL,FAIL,PASS,UNKNOWN,MARKET_CAP_UNKNOWN; ST_UNKNOWN; TURNOVER_1D_BELOW; PRICE_POS_ABOVE; VOL_RATIO_BELOW,LOW,RESEARCH,BLOCKED,a060c788
300220_2018-10-15,300220,2018-10-15,MID,14.77,娱乐用品,PARTIAL,UNKNOWN,UNKNOWN,0,1.1575013915502468,3.1885466039781845,-1.5122001634200184,1.1019230778682416,0.0,15343904.296875,8830696.069335938,UNKNOWN,UNKNOWN,FAIL,FAIL,PASS,FAIL,PASS,UNKNOWN,MARKET_CAP_UNKNOWN; ST_UNKNOWN; TURNOVER_1D_BELOW; TURNOVER_20D_BELOW; VOL_RATIO_BELOW,LOW,RESEARCH,BLOCKED,f09e5e55
300220_2020-06-15,300220,2020-06-15,MID,14.77,娱乐用品,PARTIAL,UNKNOWN,UNKNOWN,0,5.350322633527712,5.242135219684928,1.3115441124063343,1.6477056681967446,86.06002466747535,128626710.9375,101763511.71875,UNKNOWN,UNKNOWN,PASS,PASS,FAIL,FAIL,PASS,UNKNOWN,MARKET_CAP_UNKNOWN; ST_UNKNOWN; PRICE_POS_ABOVE; VOL_RATIO_BELOW,LOW,RESEARCH,BLOCKED,613381eb
300500_2018-10-15,300500,2018-10-15,MID,14.81,工程咨询服务Ⅲ,PARTIAL,UNKNOWN,UNKNOWN,0,15.771947634409813,4.649997794887181,-3.548602520808318,1.1050077302473897,0.0,13219820.3125,19320508.544921875,UNKNOWN,UNKNOWN,FAIL,FAIL,PASS,FAIL,PASS,UNKNOWN,MARKET_CAP_UNKNOWN; ST_UNKNOWN; TURNOVER_1D_BELOW; TURNOVER_20D_BELOW; VOL_RATIO_BELOW,LOW,RESEARCH,BLOCKED,dfe3a166
300500_2020-06-15,300500,2020-06-15,MID,14.81,工程咨询服务Ⅲ,PARTIAL,UNKNOWN,UNKNOWN,0,12.937969853852191,1.6249859854019346,-0.7202853591209056,0.664291517286253,1.3588015360433912,6131832.03125,11004298.657226562,UNKNOWN,UNKNOWN,FAIL,FAIL,PASS,FAIL,FAIL,UNKNOWN,MARKET_CAP_UNKNOWN; ST_UNKNOWN; TURNOVER_1D_BELOW; TURNOVER_20D_BELOW; VOL_RATIO_BELOW; ATR_BELOW,LOW,RESEARCH,BLOCKED,36128afd
300500_2021-10-15,300500,2021-10-15,MID,14.81,工程咨询服务Ⅲ,PARTIAL,UNKNOWN,UNKNOWN,0,21.673221287237087,8.299321954641103,-6.7247449733526325,0.4104058311970704,49.231704343849785,79390257.8125,342091600.390625,UNKNOWN,UNKNOWN,FAIL,PASS,FAIL,FAIL,PASS,UNKNOWN,MARKET_CAP_UNKNOWN; ST_UNKNOWN; TURNOVER_1D_BELOW; PRICE_POS_ABOVE; VOL_RATIO_BELOW,LOW,RESEARCH,BLOCKED,f6116bca
300635_2018-10-15,300635,2018-10-15,MID,14.84,工程咨询服务Ⅲ,PARTIAL,UNKNOWN,UNKNOWN,0,1.1235972630942337,3.892094970419858,-4.313375016465596,0.5757191753675536,,8362577.1484375,12528693.06640625,UNKNOWN,UNKNOWN,FAIL,FAIL,UNKNOWN,FAIL,PASS,UNKNOWN,MARKET_CAP_UNKNOWN; ST_UNKNOWN; TURNOVER_1D_BELOW; TURNOVER_20D_BELOW; PRICE_POS_UNKNOWN; VOL_RATIO_BELOW,LOW,RESEARCH,BLOCKED,6f2de460
300635_2020-06-15,300635,2020-06-15,MID,14.84,工程咨询服务Ⅲ,PARTIAL,UNKNOWN,UNKNOWN,0,2.3875009748160974,3.7803019337122232,5.773467403888884,1.4259637492077162,100.0,74952945.3125,55943542.1875,UNKNOWN,UNKNOWN,FAIL,PASS,FAIL,FAIL,PASS,UNKNOWN,MARKET_CAP_UNKNOWN; ST_UNKNOWN; TURNOVER_1D_BELOW; PRICE_POS_ABOVE; VOL_RATIO_BELOW,LOW,RESEARCH,BLOCKED,aad716c0
300635_2021-10-15,300635,2021-10-15,MID,14.84,工程咨询服务Ⅲ,PARTIAL,UNKNOWN,UNKNOWN,0,1.4531399690160747,3.806677034897369,-1.015882027347538,0.6559138693480757,8.374014437559369,12202997.0703125,24058587.158203125,UNKNOWN,UNKNOWN,FAIL,FAIL,PASS,FAIL,PASS,UNKNOWN,MARKET_CAP_UNKNOWN; ST_UNKNOWN; TURNOVER_1D_BELOW; TURNOVER_20D_BELOW; VOL_RATIO_BELOW,LOW,RESEARCH,BLOCKED,5ae0228c
600493_2005-06-15,600493,2005-06-15,MID,14.88,棉纺,PARTIAL,UNKNOWN,UNKNOWN,0,1.743273527372725,3.1590414084307037,-1.473610668430137,0.7936570696312295,,3343947.998046875,5819593.029785156,UNKNOWN,UNKNOWN,FAIL,FAIL,UNKNOWN,FAIL,PASS,UNKNOWN,MARKET_CAP_UNKNOWN; ST_UNKNOWN; TURNOVER_1D_BELOW; TURNOVER_20D_BELOW; PRICE_POS_UNKNOWN; VOL_RATIO_BELOW,LOW,RESEARCH,BLOCKED,af718ed7
600493_2007-10-15,600493,2007-10-15,MID,14.88,棉纺,PARTIAL,UNKNOWN,UNKNOWN,0,4.239940647262236,4.444648737104681,1.9127830438853985,1.4881601961692188,64.25766246803235,30295941.40625,28841995.01953125,UNKNOWN,UNKNOWN,FAIL,FAIL,FAIL,FAIL,PASS,UNKNOWN,MARKET_CAP_UNKNOWN; ST_UNKNOWN; TURNOVER_1D_BELOW; TURNOVER_20D_BELOW; PRICE_POS_ABOVE; VOL_RATIO_BELOW,LOW,RESEARCH,BLOCKED,d2427630
600493_2008-10-15,600493,2008-10-15,MID,14.88,棉纺,PARTIAL,UNKNOWN,UNKNOWN,0,2.004891128464027,6.293636112317145,-8.103267283107835,0.3561743213278543,0.0,4611935.05859375,10219102.563476562,UNKNOWN,UNKNOWN,FAIL,FAIL,PASS,FAIL,PASS,UNKNOWN,MARKET_CAP_UNKNOWN; ST_UNKNOWN; TURNOVER_1D_BELOW; TURNOVER_20D_BELOW; VOL_RATIO_BELOW,LOW,RESEARCH,BLOCKED,784444e5
300605_2018-10-15,300605,2018-10-15,MID,14.91,垂直应用软件,PARTIAL,UNKNOWN,UNKNOWN,0,10.274594187026537,4.102420484670261,0.20991478016876858,1.9902688522740264,,57934050.78125,20133218.75,UNKNOWN,UNKNOWN,FAIL,FAIL,UNKNOWN,FAIL,PASS,UNKNOWN,MARKET_CAP_UNKNOWN; ST_UNKNOWN; TURNOVER_1D_BELOW; TURNOVER_20D_BELOW; PRICE_POS_UNKNOWN; VOL_RATIO_BELOW,LOW,RESEARCH,BLOCKED,a9014823
300605_2020-06-15,300605,2020-06-15,MID,14.91,垂直应用软件,PARTIAL,UNKNOWN,UNKNOWN,0,12.208729938124652,2.5235870887579184,-1.2183492277717285,0.7444606220950647,46.56010732208517,22004535.15625,26911303.61328125,UNKNOWN,UNKNOWN,FAIL,FAIL,FAIL,FAIL,FAIL,UNKNOWN,MARKET_CAP_UNKNOWN; ST_UNKNOWN; TURNOVER_1D_BELOW; TURNOVER_20D_BELOW; PRICE_POS_ABOVE; VOL_RATIO_BELOW; ATR_BELOW,LOW,RESEARCH,BLOCKED,54d270ed
300605_2021-10-15,300605,2021-10-15,MID,14.91,垂直应用软件,PARTIAL,UNKNOWN,UNKNOWN,0,12.12843499326847,5.343431280812224,2.2188415939100854,9.784763009695512,42.131296226932285,368092625.0,27609752.392578125,UNKNOWN,UNKNOWN,PASS,FAIL,FAIL,PASS,PASS,UNKNOWN,MARKET_CAP_UNKNOWN; ST_UNKNOWN; TURNOVER_20D_BELOW; PRICE_POS_ABOVE,LOW,RESEARCH,BLOCKED,5a91d832
300614_2021-10-15,300614,2021-10-15,MID,15.0,固废治理,PARTIAL,UNKNOWN,UNKNOWN,0,42.793142836560705,10.499034537111957,-277.65101112893956,0.9359453524315131,,142328562.5,185093538.671875,UNKNOWN,UNKNOWN,PASS,PASS,UNKNOWN,FAIL,PASS,UNKNOWN,MARKET_CAP_UNKNOWN; ST_UNKNOWN; PRICE_POS_UNKNOWN; VOL_RATIO_BELOW,LOW,RESEARCH,BLOCKED,c31d70ce
300614_2022-12-15,300614,2022-12-15,MID,15.0,固废治理,PARTIAL,UNKNOWN,UNKNOWN,0,25.563446555699475,4.490497260309939,1.104454916309336,0.6441766918593973,,40011011.71875,71857435.3515625,UNKNOWN,UNKNOWN,FAIL,PASS,UNKNOWN,FAIL,PASS,UNKNOWN,MARKET_CAP_UNKNOWN; ST_UNKNOWN; TURNOVER_1D_BELOW; PRICE_POS_UNKNOWN; VOL_RATIO_BELOW,LOW,RESEARCH,BLOCKED,67118760
300614_2024-06-15,300614,2024-06-15,MID,15.0,固废治理,PARTIAL,UNKNOWN,UNKNOWN,0,10.6375,6.178010471204189,-5.419272998507261,0.45194527568193965,1.5233092153409098,18596900.0,64586435.0,UNKNOWN,UNKNOWN,FAIL,PASS,PASS,FAIL,PASS,UNKNOWN,MARKET_CAP_UNKNOWN; ST_UNKNOWN; TURNOVER_1D_BELOW; VOL_RATIO_BELOW,LOW,RESEARCH,BLOCKED,15dc4d70
603717_2018-10-15,603717,2018-10-15,MID,15.58,园林工程,PARTIAL,UNKNOWN,UNKNOWN,0,9.049670510353831,3.9204041096268663,-3.977104153425958,1.0059014311442385,,8448143.5546875,11632249.70703125,UNKNOWN,UNKNOWN,FAIL,FAIL,UNKNOWN,FAIL,PASS,UNKNOWN,MARKET_CAP_UNKNOWN; ST_UNKNOWN; TURNOVER_1D_BELOW; TURNOVER_20D_BELOW; PRICE_POS_UNKNOWN; VOL_RATIO_BELOW,LOW,RESEARCH,BLOCKED,3cba4c61
603717_2020-06-15,603717,2020-06-15,MID,15.58,园林工程,PARTIAL,UNKNOWN,UNKNOWN,0,8.033738384090423,3.515354705544312,1.364816161302853,0.35909685867548097,10.041407302246013,10052023.4375,38123085.205078125,UNKNOWN,UNKNOWN,FAIL,FAIL,PASS,FAIL,PASS,UNKNOWN,MARKET_CAP_UNKNOWN; ST_UNKNOWN; TURNOVER_1D_BELOW; TURNOVER_20D_BELOW; VOL_RATIO_BELOW,LOW,RESEARCH,BLOCKED,35399f07
603717_2021-10-15,603717,2021-10-15,MID,15.58,园林工程,PARTIAL,UNKNOWN,UNKNOWN,0,12.45875726707575,2.5907281693627966,0.251662209835019,1.2235217285184157,78.18180884063813,88114726.5625,36658210.107421875,UNKNOWN,UNKNOWN,PASS,FAIL,FAIL,FAIL,FAIL,UNKNOWN,MARKET_CAP_UNKNOWN; ST_UNKNOWN; TURNOVER_20D_BELOW; PRICE_POS_ABOVE; VOL_RATIO_BELOW; ATR_BELOW,LOW,RESEARCH,BLOCKED,c3b9652d
301037_2022-12-15,301037,2022-12-15,MID,15.63,涂料油墨,PARTIAL,UNKNOWN,UNKNOWN,0,12.666976068245546,3.141273173828708,0.1435338788402545,0.5087561642257633,,8670321.2890625,27525490.4296875,UNKNOWN,UNKNOWN,FAIL,FAIL,UNKNOWN,FAIL,PASS,UNKNOWN,MARKET_CAP_UNKNOWN; ST_UNKNOWN; TURNOVER_1D_BELOW; TURNOVER_20D_BELOW; PRICE_POS_UNKNOWN; VOL_RATIO_BELOW,LOW,RESEARCH,BLOCKED,e2527b79
301037_2024-06-15,301037,2024-06-15,MID,15.63,涂料油墨,PARTIAL,UNKNOWN,UNKNOWN,0,9.5075,6.424581005586594,-3.133487670887055,0.979323930745782,24.777860394164087,17935600.0,32769660.0,UNKNOWN,UNKNOWN,FAIL,FAIL,PASS,FAIL,PASS,UNKNOWN,MARKET_CAP_UNKNOWN; ST_UNKNOWN; TURNOVER_1D_BELOW; TURNOVER_20D_BELOW; VOL_RATIO_BELOW,LOW,RESEARCH,BLOCKED,e084d22b
603022_2018-10-15,603022,2018-10-15,MID,15.7,综合包装,PARTIAL,UNKNOWN,UNKNOWN,0,7.647262321125996,3.660430219739025,-4.136553703131882,1.1362872168906608,0.0,16077807.6171875,11421928.405761719,UNKNOWN,UNKNOWN,FAIL,FAIL,PASS,FAIL,PASS,UNKNOWN,MARKET_CAP_UNKNOWN; ST_UNKNOWN; TURNOVER_1D_BELOW; TURNOVER_20D_BELOW; VOL_RATIO_BELOW,LOW,RESEARCH,BLOCKED,bd6a803a
603022_2020-06-15,603022,2020-06-15,MID,15.7,综合包装,PARTIAL,UNKNOWN,UNKNOWN,0,16.03913533328422,3.7365652151409496,-0.7419021875494777,1.54054580541781,77.48808234752693,41118019.53125,31380220.3125,UNKNOWN,UNKNOWN,FAIL,FAIL,FAIL,FAIL,PASS,UNKNOWN,MARKET_CAP_UNKNOWN; ST_UNKNOWN; TURNOVER_1D_BELOW; TURNOVER_20D_BELOW; PRICE_POS_ABOVE; VOL_RATIO_BELOW,LOW,RESEARCH,BLOCKED,e794ce59
603022_2021-10-15,603022,2021-10-15,MID,15.7,综合包装,PARTIAL,UNKNOWN,UNKNOWN,0,12.09492470969889,3.3963985085099457,-0.13071767331611683,0.37423573330105825,32.86309769456743,5992137.20703125,17185658.374023438,UNKNOWN,UNKNOWN,FAIL,FAIL,PASS,FAIL,PASS,UNKNOWN,MARKET_CAP_UNKNOWN; ST_UNKNOWN; TURNOVER_1D_BELOW; TURNOVER_20D_BELOW; VOL_RATIO_BELOW,LOW,RESEARCH,BLOCKED,afe3ce80
603327_2020-06-15,603327,2020-06-15,LARGE,90.12,消费电子零部件及组装,PARTIAL,UNKNOWN,UNKNOWN,0,8.807890204942675,3.1222382046740482,0.4284614005973137,1.2405545484541622,,70407414.0625,67450767.1875,UNKNOWN,UNKNOWN,FAIL,PASS,UNKNOWN,FAIL,PASS,UNKNOWN,MARKET_CAP_UNKNOWN; ST_UNKNOWN; TURNOVER_1D_BELOW; PRICE_POS_UNKNOWN; VOL_RATIO_BELOW,LOW,RESEARCH,BLOCKED,5bcfd723
603327_2021-10-15,603327,2021-10-15,LARGE,90.12,消费电子零部件及组装,PARTIAL,UNKNOWN,UNKNOWN,0,5.662140011141416,3.0352981599290643,-3.5485605316285107,0.30372465664820786,0.973241884262026,7730278.80859375,38846483.69140625,UNKNOWN,UNKNOWN,FAIL,FAIL,PASS,FAIL,PASS,UNKNOWN,MARKET_CAP_UNKNOWN; ST_UNKNOWN; TURNOVER_1D_BELOW; TURNOVER_20D_BELOW; VOL_RATIO_BELOW,LOW,RESEARCH,BLOCKED,00a48259
603327_2022-12-15,603327,2022-12-15,LARGE,90.12,消费电子零部件及组装,PARTIAL,UNKNOWN,UNKNOWN,0,7.139654813295008,2.954031662876675,-0.3436649361274462,1.210661964520526,42.83647145818284,143434203.125,58087359.765625,UNKNOWN,UNKNOWN,PASS,PASS,FAIL,FAIL,FAIL,UNKNOWN,MARKET_CAP_UNKNOWN; ST_UNKNOWN; PRICE_POS_ABOVE; VOL_RATIO_BELOW; ATR_BELOW,LOW,RESEARCH,BLOCKED,aa62c482
600666_2005-06-15,600666,2005-06-15,LARGE,90.24,面板,PARTIAL,UNKNOWN,UNKNOWN,0,1.3336842803105917,4.994799930971385,2.4124785428667037,0.44686604899059934,28.967068668302453,17373318.359375,21250932.983398438,UNKNOWN,UNKNOWN,FAIL,FAIL,PASS,FAIL,PASS,UNKNOWN,MARKET_CAP_UNKNOWN; ST_UNKNOWN; TURNOVER_1D_BELOW; TURNOVER_20D_BELOW; VOL_RATIO_BELOW,LOW,RESEARCH,BLOCKED,a86e3e4f
600666_2007-10-15,600666,2007-10-15,LARGE,90.24,面板,PARTIAL,UNKNOWN,UNKNOWN,0,0.54281926840952,4.611266394436762,2.064129779784947,0.3807118472440686,19.866570423724912,1963839.9658203125,4425573.989868164,UNKNOWN,UNKNOWN,FAIL,FAIL,PASS,FAIL,PASS,UNKNOWN,MARKET_CAP_UNKNOWN; ST_UNKNOWN; TURNOVER_1D_BELOW; TURNOVER_20D_BELOW; VOL_RATIO_BELOW,LOW,RESEARCH,BLOCKED,a47d1eff
600666_2008-10-15,600666,2008-10-15,LARGE,90.24,面板,PARTIAL,UNKNOWN,UNKNOWN,0,0.6987838398103845,3.5391769785851492,-1.271461773257667,1.2385227776710739,63.71595626919585,8799913.0859375,5236421.057128906,UNKNOWN,UNKNOWN,FAIL,FAIL,FAIL,FAIL,PASS,UNKNOWN,MARKET_CAP_UNKNOWN; ST_UNKNOWN; TURNOVER_1D_BELOW; TURNOVER_20D_BELOW; PRICE_POS_ABOVE; VOL_RATIO_BELOW,LOW,RESEARCH,BLOCKED,7e1c9be0
600185_2005-06-15,600185,2005-06-15,LARGE,90.29,旅游零售Ⅲ,PARTIAL,UNKNOWN,UNKNOWN,0,0.7754557966892162,4.877438267026983,1.85599442982478,2.410812865313041,13.354038172498296,3100843.994140625,2957164.8651123047,UNKNOWN,UNKNOWN,FAIL,FAIL,PASS,FAIL,PASS,UNKNOWN,MARKET_CAP_UNKNOWN; ST_UNKNOWN; TURNOVER_1D_BELOW; TURNOVER_20D_BELOW; VOL_RATIO_BELOW,LOW,RESEARCH,BLOCKED,6d4e51db
600185_2007-10-15,600185,2007-10-15,LARGE,90.29,旅游零售Ⅲ,PARTIAL,UNKNOWN,UNKNOWN,0,1.8632706069477638,5.927287525612097,9.372583710073169,0.9880144794203586,100.0,121025921.875,103472319.3359375,UNKNOWN,UNKNOWN,PASS,PASS,FAIL,FAIL,PASS,UNKNOWN,MARKET_CAP_UNKNOWN; ST_UNKNOWN; PRICE_POS_ABOVE; VOL_RATIO_BELOW,LOW,RESEARCH,BLOCKED,3317fabb
600185_2008-10-15,600185,2008-10-15,LARGE,90.29,旅游零售Ⅲ,PARTIAL,UNKNOWN,UNKNOWN,0,1.974147174082243,6.777771842200295,-7.350684985269411,2.2317766895148976,36.79279063744713,27364673.828125,15003561.743164062,UNKNOWN,UNKNOWN,FAIL,FAIL,PASS,FAIL,PASS,UNKNOWN,MARKET_CAP_UNKNOWN; ST_UNKNOWN; TURNOVER_1D_BELOW; TURNOVER_20D_BELOW; VOL_RATIO_BELOW,LOW,RESEARCH,BLOCKED,f24e3436
603533_2018-10-15,603533,2018-10-15,LARGE,90.37,文字媒体,PARTIAL,UNKNOWN,UNKNOWN,0,21.264813402688773,6.292834513378194,-7.62359049518921,1.0855285423964707,,18174914.0625,30906519.62890625,UNKNOWN,UNKNOWN,FAIL,FAIL,UNKNOWN,FAIL,PASS,UNKNOWN,MARKET_CAP_UNKNOWN; ST_UNKNOWN; TURNOVER_1D_BELOW; TURNOVER_20D_BELOW; PRICE_POS_UNKNOWN; VOL_RATIO_BELOW,LOW,RESEARCH,BLOCKED,111ccf8e
603533_2020-06-15,603533,2020-06-15,LARGE,90.37,文字媒体,PARTIAL,UNKNOWN,UNKNOWN,0,32.3132327252127,5.468729639199616,5.227221789860403,1.4961340581723317,98.04277270189502,694491062.5,322509631.25,UNKNOWN,UNKNOWN,PASS,PASS,FAIL,FAIL,PASS,UNKNOWN,MARKET_CAP_UNKNOWN; ST_UNKNOWN; PRICE_POS_ABOVE; VOL_RATIO_BELOW,LOW,RESEARCH,BLOCKED,eea75ffe
603533_2021-10-15,603533,2021-10-15,LARGE,90.37,文字媒体,PARTIAL,UNKNOWN,UNKNOWN,0,19.84728764904981,3.121599039994383,-2.351592316526502,0.5049881489324093,14.552334111885951,49377710.9375,106317184.5703125,UNKNOWN,UNKNOWN,FAIL,PASS,PASS,FAIL,PASS,UNKNOWN,MARKET_CAP_UNKNOWN; ST_UNKNOWN; TURNOVER_1D_BELOW; VOL_RATIO_BELOW,LOW,RESEARCH,BLOCKED,c84ae6d7
300276_2015-06-15,300276,2015-06-15,LARGE,90.51,机器人,PARTIAL,UNKNOWN,UNKNOWN,0,3.1169821242295326,4.708815069124495,-1.7817719288221012,0.5055034256829418,80.25779412146657,40055789.0625,92408240.91796875,UNKNOWN,UNKNOWN,FAIL,PASS,FAIL,FAIL,PASS,UNKNOWN,MARKET_CAP_UNKNOWN; ST_UNKNOWN; TURNOVER_1D_BELOW; PRICE_POS_ABOVE; VOL_RATIO_BELOW,LOW,RESEARCH,BLOCKED,64f56b6c
300276_2018-10-15,300276,2018-10-15,LARGE,90.51,机器人,PARTIAL,UNKNOWN,UNKNOWN,0,3.983176674450064,4.711188016546479,-2.537351287861136,3.3994430618754357,2.5296536330864714,31289513.671875,15353539.6484375,UNKNOWN,UNKNOWN,FAIL,FAIL,PASS,PASS,PASS,UNKNOWN,MARKET_CAP_UNKNOWN; ST_UNKNOWN; TURNOVER_1D_BELOW; TURNOVER_20D_BELOW,LOW,RESEARCH,BLOCKED,fdab6b86
300276_2020-06-15,300276,2020-06-15,LARGE,90.51,机器人,PARTIAL,UNKNOWN,UNKNOWN,0,4.99260901654951,4.314974125410854,-0.17164483313298523,0.2585939342226129,55.72432446207802,69362796.875,303044523.828125,UNKNOWN,UNKNOWN,FAIL,PASS,FAIL,FAIL,PASS,UNKNOWN,MARKET_CAP_UNKNOWN; ST_UNKNOWN; TURNOVER_1D_BELOW; PRICE_POS_ABOVE; VOL_RATIO_BELOW,LOW,RESEARCH,BLOCKED,72f303a2
301188_2022-12-15,301188,2022-12-15,LARGE,90.8,医疗耗材,PARTIAL,UNKNOWN,UNKNOWN,0,14.626625433929613,1.919361591621243,-0.7219014100473791,0.46591581436220425,,15699401.3671875,35587137.353515625,UNKNOWN,UNKNOWN,FAIL,FAIL,UNKNOWN,FAIL,FAIL,UNKNOWN,MARKET_CAP_UNKNOWN; ST_UNKNOWN; TURNOVER_1D_BELOW; TURNOVER_20D_BELOW; PRICE_POS_UNKNOWN; VOL_RATIO_BELOW; ATR_BELOW,LOW,RESEARCH,BLOCKED,a951473f
301188_2024-06-15,301188,2024-06-15,LARGE,90.8,医疗耗材,PARTIAL,UNKNOWN,UNKNOWN,0,16.923,3.9088685569345034,-2.0313197027311323,0.7110223006252293,55.20690576622537,25215400.0,57385010.0,UNKNOWN,UNKNOWN,FAIL,PASS,FAIL,FAIL,PASS,UNKNOWN,MARKET_CAP_UNKNOWN; ST_UNKNOWN; TURNOVER_1D_BELOW; PRICE_POS_ABOVE; VOL_RATIO_BELOW,LOW,RESEARCH,BLOCKED,e5132324
603328_2015-06-15,603328,2015-06-15,LARGE,90.86,印制电路板,PARTIAL,UNKNOWN,UNKNOWN,0,11.886820545067028,8.350110374913605,6.1839562228052305,0.8579757693682656,,274738937.5,418957557.03125,UNKNOWN,UNKNOWN,PASS,PASS,UNKNOWN,FAIL,PASS,UNKNOWN,MARKET_CAP_UNKNOWN; ST_UNKNOWN; PRICE_POS_UNKNOWN; VOL_RATIO_BELOW,LOW,RESEARCH,BLOCKED,1f5a9403
603328_2018-10-15,603328,2018-10-15,LARGE,90.86,印制电路板,PARTIAL,UNKNOWN,UNKNOWN,0,6.715337467190257,4.234343597143693,-3.80385108420497,0.6102138330428534,0.0,14962205.078125,28900120.263671875,UNKNOWN,UNKNOWN,FAIL,FAIL,PASS,FAIL,PASS,UNKNOWN,MARKET_CAP_UNKNOWN; ST_UNKNOWN; TURNOVER_1D_BELOW; TURNOVER_20D_BELOW; VOL_RATIO_BELOW,LOW,RESEARCH,BLOCKED,1c0ebbb2
603328_2020-06-15,603328,2020-06-15,LARGE,90.86,印制电路板,PARTIAL,UNKNOWN,UNKNOWN,0,8.197156849944022,1.8091056574568873,-0.9548738422498904,0.9204096495640404,39.802476004285396,85596070.3125,71849722.65625,UNKNOWN,UNKNOWN,PASS,PASS,PASS,FAIL,FAIL,UNKNOWN,MARKET_CAP_UNKNOWN; ST_UNKNOWN; VOL_RATIO_BELOW; ATR_BELOW,LOW,RESEARCH,BLOCKED,eec6337d
300624_2018-10-15,300624,2018-10-15,LARGE,90.91,横向通用软件,PARTIAL,UNKNOWN,UNKNOWN,0,28.08779520534707,5.9308930934817745,-3.0361417136522175,1.2530285994341814,,84870023.4375,137117308.7890625,UNKNOWN,UNKNOWN,PASS,PASS,UNKNOWN,FAIL,PASS,UNKNOWN,MARKET_CAP_UNKNOWN; ST_UNKNOWN; PRICE_POS_UNKNOWN; VOL_RATIO_BELOW,LOW,RESEARCH,BLOCKED,8eadfd12
300624_2020-06-15,300624,2020-06-15,LARGE,90.91,横向通用软件,PARTIAL,UNKNOWN,UNKNOWN,0,39.511074979980094,4.653667277212917,3.3110178142074855,0.9380810864485731,81.87216102530127,362076531.25,260696963.28125,UNKNOWN,UNKNOWN,PASS,PASS,FAIL,FAIL,PASS,UNKNOWN,MARKET_CAP_UNKNOWN; ST_UNKNOWN; PRICE_POS_ABOVE; VOL_RATIO_BELOW,LOW,RESEARCH,BLOCKED,d4913768
300624_2021-10-15,300624,2021-10-15,LARGE,90.91,横向通用软件,PARTIAL,UNKNOWN,UNKNOWN,0,33.512246825554215,5.8370747142373265,-1.570022241142061,0.5055664403607866,13.917335602855015,80117859.375,234866362.890625,UNKNOWN,UNKNOWN,PASS,PASS,PASS,FAIL,PASS,UNKNOWN,MARKET_CAP_UNKNOWN; ST_UNKNOWN; VOL_RATIO_BELOW,LOW,RESEARCH,BLOCKED,80876079
600729_2005-06-15,600729,2005-06-15,LARGE,90.95,多业态零售,PARTIAL,UNKNOWN,UNKNOWN,0,0.5403323074422993,3.210573087828365,3.086218191907369,1.3831171044968096,21.042941827791534,6389787.109375,6523413.122558594,UNKNOWN,UNKNOWN,FAIL,FAIL,PASS,FAIL,PASS,UNKNOWN,MARKET_CAP_UNKNOWN; ST_UNKNOWN; TURNOVER_1D_BELOW; TURNOVER_20D_BELOW; VOL_RATIO_BELOW,LOW,RESEARCH,BLOCKED,7f1c8b9a
600729_2007-10-15,600729,2007-10-15,LARGE,90.95,多业态零售,PARTIAL,UNKNOWN,UNKNOWN,0,0.9377735459110111,3.3196071523045267,1.1897066074519678,1.3689474118353475,84.82339706654884,6092304.19921875,6070239.312744141,UNKNOWN,UNKNOWN,FAIL,FAIL,FAIL,FAIL,PASS,UNKNOWN,MARKET_CAP_UNKNOWN; ST_UNKNOWN; TURNOVER_1D_BELOW; TURNOVER_20D_BELOW; PRICE_POS_ABOVE; VOL_RATIO_BELOW,LOW,RESEARCH,BLOCKED,f45cde2f
600729_2008-10-15,600729,2008-10-15,LARGE,90.95,多业态零售,PARTIAL,UNKNOWN,UNKNOWN,0,3.1631573830993434,4.964606658685514,1.0796694914838185,1.415678721412429,93.08490278343005,37078390.625,42272997.65625,UNKNOWN,UNKNOWN,FAIL,PASS,FAIL,FAIL,PASS,UNKNOWN,MARKET_CAP_UNKNOWN; ST_UNKNOWN; TURNOVER_1D_BELOW; PRICE_POS_ABOVE; VOL_RATIO_BELOW,LOW,RESEARCH,BLOCKED,7b5edae7
301191_2022-12-15,301191,2022-12-15,LARGE,90.99,通信终端及配件,PARTIAL,UNKNOWN,UNKNOWN,0,43.95605026690349,3.2165074084832086,-14.65896018213074,0.6226900617311731,,49533929.6875,89965851.953125,UNKNOWN,UNKNOWN,FAIL,PASS,UNKNOWN,FAIL,PASS,UNKNOWN,MARKET_CAP_UNKNOWN; ST_UNKNOWN; TURNOVER_1D_BELOW; PRICE_POS_UNKNOWN; VOL_RATIO_BELOW,LOW,RESEARCH,BLOCKED,f9c4d910
301191_2024-06-15,301191,2024-06-15,LARGE,90.99,通信终端及配件,PARTIAL,UNKNOWN,UNKNOWN,0,52.2915,5.128557679087029,-1.971671058063033,0.6441398865784499,0.006587033413760605,228502800.0,233848180.0,UNKNOWN,UNKNOWN,PASS,PASS,PASS,FAIL,PASS,UNKNOWN,MARKET_CAP_UNKNOWN; ST_UNKNOWN; VOL_RATIO_BELOW,LOW,RESEARCH,BLOCKED,24be29f7
605123_2021-10-15,605123,2021-10-15,LARGE,91.11,航空装备Ⅲ,PARTIAL,UNKNOWN,UNKNOWN,0,84.5214141669573,4.816183442701211,-3.2798684376638096,0.6289714356950388,,53492246.09375,108033207.421875,UNKNOWN,UNKNOWN,FAIL,PASS,UNKNOWN,FAIL,PASS,UNKNOWN,MARKET_CAP_UNKNOWN; ST_UNKNOWN; TURNOVER_1D_BELOW; PRICE_POS_UNKNOWN; VOL_RATIO_BELOW,LOW,RESEARCH,BLOCKED,a4ea403d
605123_2022-12-15,605123,2022-12-15,LARGE,91.11,航空装备Ⅲ,PARTIAL,UNKNOWN,UNKNOWN,0,129.58677185235214,3.4003574008811883,-3.535667088516424,0.6820831482206711,64.48071958057604,55061738.28125,173255976.953125,UNKNOWN,UNKNOWN,FAIL,PASS,FAIL,FAIL,PASS,UNKNOWN,MARKET_CAP_UNKNOWN; ST_UNKNOWN; TURNOVER_1D_BELOW; PRICE_POS_ABOVE; VOL_RATIO_BELOW,LOW,RESEARCH,BLOCKED,0f6cecf8
605123_2024-06-15,605123,2024-06-15,LARGE,91.11,航空装备Ⅲ,PARTIAL,UNKNOWN,UNKNOWN,0,63.2485,4.452522115565594,-1.9407530614008996,0.48405525608976946,6.941947287698291,38393000.0,108679095.0,UNKNOWN,UNKNOWN,FAIL,PASS,PASS,FAIL,PASS,UNKNOWN,MARKET_CAP_UNKNOWN; ST_UNKNOWN; TURNOVER_1D_BELOW; VOL_RATIO_BELOW,LOW,RESEARCH,BLOCKED,2173b67f
603601_2018-10-15,603601,2018-10-15,LARGE,91.39,其他专业工程,PARTIAL,UNKNOWN,UNKNOWN,0,3.3812346935567548,5.65655958985375,-6.9429969175033674,1.402480323622229,1.7922265653347333,17883607.421875,15641955.493164062,UNKNOWN,UNKNOWN,FAIL,FAIL,PASS,FAIL,PASS,UNKNOWN,MARKET_CAP_UNKNOWN; ST_UNKNOWN; TURNOVER_1D_BELOW; TURNOVER_20D_BELOW; VOL_RATIO_BELOW,LOW,RESEARCH,BLOCKED,b017fed0
603601_2020-06-15,603601,2020-06-15,LARGE,91.39,其他专业工程,PARTIAL,UNKNOWN,UNKNOWN,0,7.246475343781519,3.597133740882219,0.47567168249235775,1.904774312230109,58.48690203698273,565949312.5,227316508.203125,UNKNOWN,UNKNOWN,PASS,PASS,FAIL,FAIL,PASS,UNKNOWN,MARKET_CAP_UNKNOWN; ST_UNKNOWN; PRICE_POS_ABOVE; VOL_RATIO_BELOW,LOW,RESEARCH,BLOCKED,92aa1276
603601_2021-10-15,603601,2021-10-15,LARGE,91.39,其他专业工程,PARTIAL,UNKNOWN,UNKNOWN,0,8.231538876734716,2.347265489877853,-1.7207827851921276,0.48232000709533907,49.82242242204647,38553597.65625,53535639.6484375,UNKNOWN,UNKNOWN,FAIL,PASS,FAIL,FAIL,FAIL,UNKNOWN,MARKET_CAP_UNKNOWN; ST_UNKNOWN; TURNOVER_1D_BELOW; PRICE_POS_ABOVE; VOL_RATIO_BELOW; ATR_BELOW,LOW,RESEARCH,BLOCKED,0d54cc9a
300497_2018-10-15,300497,2018-10-15,LARGE,91.41,原料药,PARTIAL,UNKNOWN,UNKNOWN,0,8.456704885926124,3.5694780945285167,-3.7398300420190176,1.3346914276762716,0.0,11693425.78125,13794924.853515625,UNKNOWN,UNKNOWN,FAIL,FAIL,PASS,FAIL,PASS,UNKNOWN,MARKET_CAP_UNKNOWN; ST_UNKNOWN; TURNOVER_1D_BELOW; TURNOVER_20D_BELOW; VOL_RATIO_BELOW,LOW,RESEARCH,BLOCKED,42a3822c
300497_2020-06-15,300497,2020-06-15,LARGE,91.41,原料药,PARTIAL,UNKNOWN,UNKNOWN,0,17.963769031131,4.3498058280662795,4.723209078009604,1.6419391982537122,95.13130624074657,550198562.5,305682221.484375,UNKNOWN,UNKNOWN,PASS,PASS,FAIL,FAIL,PASS,UNKNOWN,MARKET_CAP_UNKNOWN; ST_UNKNOWN; PRICE_POS_ABOVE; VOL_RATIO_BELOW,LOW,RESEARCH,BLOCKED,77ef301e
300497_2021-10-15,300497,2021-10-15,LARGE,91.41,原料药,PARTIAL,UNKNOWN,UNKNOWN,0,20.2232258068843,13.689141979278707,4.125595158031385,0.6691128770779712,56.96650974102848,561805500.0,921098550.0,UNKNOWN,UNKNOWN,PASS,PASS,FAIL,FAIL,PASS,UNKNOWN,MARKET_CAP_UNKNOWN; ST_UNKNOWN; PRICE_POS_ABOVE; VOL_RATIO_BELOW,LOW,RESEARCH,BLOCKED,72b20323
600307_2005-06-15,600307,2005-06-15,LARGE,91.45,板材,PARTIAL,UNKNOWN,UNKNOWN,0,1.0200844823189503,2.85851488997452,0.7115669719879765,2.7609969145034414,43.691581481863345,11921915.0390625,9030695.434570312,UNKNOWN,UNKNOWN,FAIL,FAIL,FAIL,PASS,FAIL,UNKNOWN,MARKET_CAP_UNKNOWN; ST_UNKNOWN; TURNOVER_1D_BELOW; TURNOVER_20D_BELOW; PRICE_POS_ABOVE; ATR_BELOW,LOW,RESEARCH,BLOCKED,4bae9fda
600307_2007-10-15,600307,2007-10-15,LARGE,91.45,板材,PARTIAL,UNKNOWN,UNKNOWN,0,2.6784173443632304,5.325574444003999,2.5235734777092276,1.5094278468336397,81.05703998236085,104591242.1875,88589553.515625,UNKNOWN,UNKNOWN,PASS,PASS,FAIL,FAIL,PASS,UNKNOWN,MARKET_CAP_UNKNOWN; ST_UNKNOWN; PRICE_POS_ABOVE; VOL_RATIO_BELOW,LOW,RESEARCH,BLOCKED,b2c19cba
600307_2008-10-15,600307,2008-10-15,LARGE,91.45,板材,PARTIAL,UNKNOWN,UNKNOWN,0,2.697820327866752,8.644937829143606,-12.641119526414204,0.6263815377911468,10.507304017443547,51148277.34375,108104257.2265625,UNKNOWN,UNKNOWN,FAIL,PASS,PASS,FAIL,PASS,UNKNOWN,MARKET_CAP_UNKNOWN; ST_UNKNOWN; TURNOVER_1D_BELOW; VOL_RATIO_BELOW,LOW,RESEARCH,BLOCKED,adb6da54
