symbol,target_date,size_class,size_class_source,historical_mcap_b,mcap_quality,share_effective_date,share_date_quality,current_size_group
000001,2005-06-15,SMALL,PIT_SAFE_HISTORICAL_MCAP,2.3671209776780273,PIT_SAFE,2000-12-08,KNOWN_EFFECTIVE_DATE,LARGE
000001,2007-10-15,MID,PIT_SAFE_HISTORICAL_MCAP,8.921661875617422,PIT_SAFE,2000-12-08,KNOWN_EFFECTIVE_DATE,LARGE
000001,2008-10-15,MID,PIT_SAFE_HISTORICAL_MCAP,7.637060674088397,PIT_SAFE,2000-12-08,KNOWN_EFFECTIVE_DATE,LARGE
002594,2015-06-15,MID,PIT_SAFE_HISTORICAL_MCAP,58.88771065865235,PIT_SAFE,2014-05-30,KNOWN_EFFECTIVE_DATE,LARGE
002594,2018-10-15,MID,PIT_SAFE_HISTORICAL_MCAP,37.00670183540258,PIT_SAFE,2014-05-30,KNOWN_EFFECTIVE_DATE,LARGE
002594,2022-12-15,LARGE,PIT_SAFE_HISTORICAL_MCAP,214.9354950629239,PIT_SAFE,2014-05-30,KNOWN_EFFECTIVE_DATE,LARGE
600007,2007-10-15,MID,PIT_SAFE_HISTORICAL_MCAP,12.66261332326276,PIT_SAFE,2006-10-30,KNOWN_EFFECTIVE_DATE,LARGE
600007,2008-10-15,SMALL,PIT_SAFE_HISTORICAL_MCAP,4.853237424368598,PIT_SAFE,2006-10-30,KNOWN_EFFECTIVE_DATE,LARGE
600007,2012-06-15,MID,PIT_SAFE_HISTORICAL_MCAP,7.017180658513796,PIT_SAFE,2009-10-30,KNOWN_EFFECTIVE_DATE,LARGE
600009,2022-12-15,LARGE,PIT_SAFE_HISTORICAL_MCAP,140.04400255040875,PIT_SAFE,2022-09-23,KNOWN_EFFECTIVE_DATE,LARGE
600009,2024-06-15,MID,PIT_SAFE_HISTORICAL_MCAP,80.6019106026,PIT_SAFE,2022-09-23,KNOWN_EFFECTIVE_DATE,LARGE
600009,2005-06-15,MID,APPROXIMATE_HISTORICAL_MCAP,20.49390996180761,APPROXIMATE,2004-12-31,APPROXIMATE_EFFECTIVE_DATE,LARGE
600010,2005-06-15,SMALL,PIT_SAFE_HISTORICAL_MCAP,0.7422043297518149,PIT_SAFE,2001-03-09,KNOWN_EFFECTIVE_DATE,LARGE
600010,2007-10-15,MID,PIT_SAFE_HISTORICAL_MCAP,15.871014464718504,PIT_SAFE,2007-09-18,KNOWN_EFFECTIVE_DATE,LARGE
600010,2008-10-15,MID,PIT_SAFE_HISTORICAL_MCAP,8.653463975898688,PIT_SAFE,2007-09-18,KNOWN_EFFECTIVE_DATE,LARGE
600019,2005-06-15,MID,PIT_SAFE_HISTORICAL_MCAP,32.513087318048505,PIT_SAFE,2005-05-09,KNOWN_EFFECTIVE_DATE,LARGE
600019,2007-10-15,LARGE,PIT_SAFE_HISTORICAL_MCAP,96.32970097108937,PIT_SAFE,2005-05-09,KNOWN_EFFECTIVE_DATE,LARGE
600019,2008-10-15,LARGE,PIT_SAFE_HISTORICAL_MCAP,111.57020659009649,PIT_SAFE,2005-05-09,KNOWN_EFFECTIVE_DATE,LARGE
600020,2005-06-15,SMALL,PIT_SAFE_HISTORICAL_MCAP,1.7681738314428823,PIT_SAFE,2003-08-08,KNOWN_EFFECTIVE_DATE,MID
600020,2007-10-15,MID,PIT_SAFE_HISTORICAL_MCAP,5.11021676389004,PIT_SAFE,2003-08-08,KNOWN_EFFECTIVE_DATE,MID
600020,2008-10-15,SMALL,PIT_SAFE_HISTORICAL_MCAP,1.8307832642150272,PIT_SAFE,2003-08-08,KNOWN_EFFECTIVE_DATE,MID
600028,2005-06-15,MID,PIT_SAFE_HISTORICAL_MCAP,84.44656894986099,PIT_SAFE,2001-08-08,KNOWN_EFFECTIVE_DATE,LARGE
600028,2007-10-15,LARGE,PIT_SAFE_HISTORICAL_MCAP,482.2957273157443,PIT_SAFE,2001-08-08,KNOWN_EFFECTIVE_DATE,LARGE
600028,2008-10-15,LARGE,PIT_SAFE_HISTORICAL_MCAP,266.607325304352,PIT_SAFE,2001-08-08,KNOWN_EFFECTIVE_DATE,LARGE
600029,2005-06-15,MID,PIT_SAFE_HISTORICAL_MCAP,12.90172686742964,PIT_SAFE,2003-07-25,KNOWN_EFFECTIVE_DATE,LARGE
600029,2007-10-15,MID,PIT_SAFE_HISTORICAL_MCAP,42.66712781601394,PIT_SAFE,2003-07-25,KNOWN_EFFECTIVE_DATE,LARGE
600029,2008-10-15,MID,PIT_SAFE_HISTORICAL_MCAP,14.882699886943527,PIT_SAFE,2003-07-25,KNOWN_EFFECTIVE_DATE,LARGE
600035,2005-06-15,SMALL,PIT_SAFE_HISTORICAL_MCAP,1.1794829079835323,PIT_SAFE,2004-03-10,KNOWN_EFFECTIVE_DATE,MID
600035,2007-10-15,SMALL,PIT_SAFE_HISTORICAL_MCAP,1.5758081742793864,PIT_SAFE,2004-03-10,KNOWN_EFFECTIVE_DATE,MID
600035,2008-10-15,SMALL,PIT_SAFE_HISTORICAL_MCAP,2.7647838870214367,PIT_SAFE,2004-03-10,KNOWN_EFFECTIVE_DATE,MID
600037,2005-06-15,SMALL,PIT_SAFE_HISTORICAL_MCAP,1.270318041062552,PIT_SAFE,2001-02-08,KNOWN_EFFECTIVE_DATE,LARGE
600037,2007-10-15,MID,PIT_SAFE_HISTORICAL_MCAP,6.760573059554342,PIT_SAFE,2001-02-08,KNOWN_EFFECTIVE_DATE,LARGE
600037,2008-10-15,SMALL,PIT_SAFE_HISTORICAL_MCAP,2.3540990230877945,PIT_SAFE,2001-02-08,KNOWN_EFFECTIVE_DATE,LARGE
600038,2005-06-15,SMALL,PIT_SAFE_HISTORICAL_MCAP,1.2920250308352923,PIT_SAFE,2003-10-08,KNOWN_EFFECTIVE_DATE,LARGE
600038,2007-10-15,SMALL,PIT_SAFE_HISTORICAL_MCAP,4.5630150790899275,PIT_SAFE,2003-10-08,KNOWN_EFFECTIVE_DATE,LARGE
600038,2008-10-15,SMALL,PIT_SAFE_HISTORICAL_MCAP,3.9731776060440676,PIT_SAFE,2003-10-08,KNOWN_EFFECTIVE_DATE,LARGE
600050,2005-06-15,MID,PIT_SAFE_HISTORICAL_MCAP,35.03163662166474,PIT_SAFE,2004-07-29,KNOWN_EFFECTIVE_DATE,LARGE
600050,2007-10-15,MID,PIT_SAFE_HISTORICAL_MCAP,86.81277525215022,PIT_SAFE,2004-07-29,KNOWN_EFFECTIVE_DATE,LARGE
600050,2008-10-15,LARGE,PIT_SAFE_HISTORICAL_MCAP,144.0675996138979,PIT_SAFE,2004-07-29,KNOWN_EFFECTIVE_DATE,LARGE
600059,2005-06-15,SMALL,PIT_SAFE_HISTORICAL_MCAP,0.3484949655522797,PIT_SAFE,2001-09-04,KNOWN_EFFECTIVE_DATE,MID
600059,2007-10-15,SMALL,PIT_SAFE_HISTORICAL_MCAP,2.0928066558103224,PIT_SAFE,2001-09-04,KNOWN_EFFECTIVE_DATE,MID
600059,2008-10-15,SMALL,PIT_SAFE_HISTORICAL_MCAP,1.1000683979755956,PIT_SAFE,2001-09-04,KNOWN_EFFECTIVE_DATE,MID
600062,2005-06-15,SMALL,PIT_SAFE_HISTORICAL_MCAP,0.4461616353780044,PIT_SAFE,2001-08-20,KNOWN_EFFECTIVE_DATE,LARGE
600062,2007-10-15,SMALL,PIT_SAFE_HISTORICAL_MCAP,2.780416978000404,PIT_SAFE,2001-08-20,KNOWN_EFFECTIVE_DATE,LARGE
600062,2008-10-15,MID,PIT_SAFE_HISTORICAL_MCAP,5.879704150011296,PIT_SAFE,2008-04-29,KNOWN_EFFECTIVE_DATE,LARGE
600067,2005-06-15,SMALL,PIT_SAFE_HISTORICAL_MCAP,0.1298696140253969,PIT_SAFE,2000-07-19,KNOWN_EFFECTIVE_DATE,MID
600067,2007-10-15,SMALL,PIT_SAFE_HISTORICAL_MCAP,3.7134535697056736,PIT_SAFE,2007-05-23,KNOWN_EFFECTIVE_DATE,MID
600067,2008-10-15,SMALL,PIT_SAFE_HISTORICAL_MCAP,1.2495608706789936,PIT_SAFE,2008-08-13,KNOWN_EFFECTIVE_DATE,MID
600071,2022-12-15,MID,PIT_SAFE_HISTORICAL_MCAP,6.214998816375179,PIT_SAFE,2022-06-13,KNOWN_EFFECTIVE_DATE,MID
600071,2024-06-15,SMALL,PIT_SAFE_HISTORICAL_MCAP,4.910648624160001,PIT_SAFE,2022-06-13,KNOWN_EFFECTIVE_DATE,MID
600071,2005-06-15,SMALL,APPROXIMATE_HISTORICAL_MCAP,1.206631030240179,APPROXIMATE,2004-12-31,APPROXIMATE_EFFECTIVE_DATE,MID
600081,2005-06-15,SMALL,PIT_SAFE_HISTORICAL_MCAP,0.41429081726465883,PIT_SAFE,2000-01-28,KNOWN_EFFECTIVE_DATE,MID
600081,2007-10-15,SMALL,PIT_SAFE_HISTORICAL_MCAP,0.9940689471398719,PIT_SAFE,2000-01-28,KNOWN_EFFECTIVE_DATE,MID
600081,2008-10-15,SMALL,PIT_SAFE_HISTORICAL_MCAP,0.4525780503898849,PIT_SAFE,2000-01-28,KNOWN_EFFECTIVE_DATE,MID
600096,2012-06-15,MID,PIT_SAFE_HISTORICAL_MCAP,8.03103740317884,PIT_SAFE,2012-05-21,KNOWN_EFFECTIVE_DATE,LARGE
600096,2015-06-15,MID,PIT_SAFE_HISTORICAL_MCAP,15.936293332251742,PIT_SAFE,2014-05-19,KNOWN_EFFECTIVE_DATE,LARGE
600096,2018-10-15,SMALL,PIT_SAFE_HISTORICAL_MCAP,4.3267366374168095,PIT_SAFE,2016-07-15,KNOWN_EFFECTIVE_DATE,LARGE
600110,2005-06-15,SMALL,PIT_SAFE_HISTORICAL_MCAP,0.16420812383881667,PIT_SAFE,2001-09-13,KNOWN_EFFECTIVE_DATE,LARGE
600110,2007-10-15,SMALL,PIT_SAFE_HISTORICAL_MCAP,0.22987377608431261,PIT_SAFE,2001-09-13,KNOWN_EFFECTIVE_DATE,LARGE
600110,2008-10-15,MID,PIT_SAFE_HISTORICAL_MCAP,7.144363440230524,PIT_SAFE,2008-02-04,KNOWN_EFFECTIVE_DATE,LARGE
600111,2005-06-15,SMALL,PIT_SAFE_HISTORICAL_MCAP,0.17399684179928715,PIT_SAFE,2000-04-12,KNOWN_EFFECTIVE_DATE,LARGE
600111,2007-10-15,SMALL,PIT_SAFE_HISTORICAL_MCAP,1.9092994756722228,PIT_SAFE,2000-04-12,KNOWN_EFFECTIVE_DATE,LARGE
600111,2008-10-15,SMALL,PIT_SAFE_HISTORICAL_MCAP,0.904783577356293,PIT_SAFE,2000-04-12,KNOWN_EFFECTIVE_DATE,LARGE
600116,2012-06-15,SMALL,PIT_SAFE_HISTORICAL_MCAP,1.0796900289555842,PIT_SAFE,2011-06-29,KNOWN_EFFECTIVE_DATE,LARGE
600116,2015-06-15,SMALL,PIT_SAFE_HISTORICAL_MCAP,2.034322402974475,PIT_SAFE,2015-02-04,KNOWN_EFFECTIVE_DATE,LARGE
600116,2018-10-15,MID,PIT_SAFE_HISTORICAL_MCAP,6.36098601862115,PIT_SAFE,2018-02-05,KNOWN_EFFECTIVE_DATE,LARGE
600118,2008-10-15,SMALL,PIT_SAFE_HISTORICAL_MCAP,1.1023932409837507,PIT_SAFE,2008-01-08,KNOWN_EFFECTIVE_DATE,LARGE
600118,2012-06-15,MID,PIT_SAFE_HISTORICAL_MCAP,7.128403679314084,PIT_SAFE,2011-01-12,KNOWN_EFFECTIVE_DATE,LARGE
600118,2015-06-15,MID,PIT_SAFE_HISTORICAL_MCAP,80.36602821311081,PIT_SAFE,2013-08-21,KNOWN_EFFECTIVE_DATE,LARGE
600123,2005-06-15,SMALL,PIT_SAFE_HISTORICAL_MCAP,0.5443552330591864,PIT_SAFE,2000-12-08,KNOWN_EFFECTIVE_DATE,LARGE
600123,2007-10-15,SMALL,PIT_SAFE_HISTORICAL_MCAP,4.021306404985049,PIT_SAFE,2006-12-27,KNOWN_EFFECTIVE_DATE,LARGE
600123,2008-10-15,SMALL,PIT_SAFE_HISTORICAL_MCAP,1.6744079305980895,PIT_SAFE,2007-12-28,KNOWN_EFFECTIVE_DATE,LARGE
600127,2005-06-15,SMALL,PIT_SAFE_HISTORICAL_MCAP,0.5737316955441052,PIT_SAFE,2001-02-06,KNOWN_EFFECTIVE_DATE,MID
600127,2007-10-15,SMALL,PIT_SAFE_HISTORICAL_MCAP,2.9514052981484626,PIT_SAFE,2006-01-11,KNOWN_EFFECTIVE_DATE,MID
600127,2008-10-15,SMALL,PIT_SAFE_HISTORICAL_MCAP,2.9069318987637227,PIT_SAFE,2006-01-11,KNOWN_EFFECTIVE_DATE,MID
600149,2005-06-15,SMALL,APPROXIMATE_HISTORICAL_MCAP,0.9447136588842637,APPROXIMATE,2004-12-31,APPROXIMATE_EFFECTIVE_DATE,MID
600149,2007-10-15,SMALL,APPROXIMATE_HISTORICAL_MCAP,0.9736497213782366,APPROXIMATE,2007-06-30,APPROXIMATE_EFFECTIVE_DATE,MID
600149,2008-10-15,SMALL,APPROXIMATE_HISTORICAL_MCAP,2.764446874478561,APPROXIMATE,2008-06-30,APPROXIMATE_EFFECTIVE_DATE,MID
600150,2007-10-15,MID,PIT_SAFE_HISTORICAL_MCAP,8.276205465834394,PIT_SAFE,2007-09-26,KNOWN_EFFECTIVE_DATE,LARGE
600150,2008-10-15,MID,PIT_SAFE_HISTORICAL_MCAP,28.327192357538554,PIT_SAFE,2007-09-26,KNOWN_EFFECTIVE_DATE,LARGE
600150,2012-06-15,MID,PIT_SAFE_HISTORICAL_MCAP,7.86331261450276,PIT_SAFE,2010-09-27,KNOWN_EFFECTIVE_DATE,LARGE
600151,2005-06-15,SMALL,PIT_SAFE_HISTORICAL_MCAP,0.7640742555524322,PIT_SAFE,2001-01-08,KNOWN_EFFECTIVE_DATE,LARGE
600151,2007-10-15,SMALL,PIT_SAFE_HISTORICAL_MCAP,2.640181411106015,PIT_SAFE,2001-01-08,KNOWN_EFFECTIVE_DATE,LARGE
600151,2008-10-15,SMALL,PIT_SAFE_HISTORICAL_MCAP,2.861392337023722,PIT_SAFE,2001-01-08,KNOWN_EFFECTIVE_DATE,LARGE
600153,2005-06-15,SMALL,PIT_SAFE_HISTORICAL_MCAP,0.26989981794552403,PIT_SAFE,2003-09-23,KNOWN_EFFECTIVE_DATE,LARGE
600153,2007-10-15,SMALL,PIT_SAFE_HISTORICAL_MCAP,0.4859203649607937,PIT_SAFE,2007-09-12,KNOWN_EFFECTIVE_DATE,LARGE
600153,2008-10-15,SMALL,PIT_SAFE_HISTORICAL_MCAP,4.638716671681341,PIT_SAFE,2008-09-16,KNOWN_EFFECTIVE_DATE,LARGE
600155,2005-06-15,SMALL,PIT_SAFE_HISTORICAL_MCAP,1.1652967773364433,PIT_SAFE,2001-01-05,KNOWN_EFFECTIVE_DATE,LARGE
600155,2007-10-15,SMALL,PIT_SAFE_HISTORICAL_MCAP,0.7807489021668758,PIT_SAFE,2001-01-05,KNOWN_EFFECTIVE_DATE,LARGE
600155,2008-10-15,SMALL,PIT_SAFE_HISTORICAL_MCAP,0.7059756499924635,PIT_SAFE,2001-01-05,KNOWN_EFFECTIVE_DATE,LARGE
600156,2005-06-15,SMALL,PIT_SAFE_HISTORICAL_MCAP,0.1363331701700504,PIT_SAFE,2000-08-30,KNOWN_EFFECTIVE_DATE,MID
600156,2007-10-15,SMALL,PIT_SAFE_HISTORICAL_MCAP,0.6803676604696588,PIT_SAFE,2006-09-28,KNOWN_EFFECTIVE_DATE,MID
600156,2008-10-15,SMALL,PIT_SAFE_HISTORICAL_MCAP,0.28581317665809436,PIT_SAFE,2006-09-28,KNOWN_EFFECTIVE_DATE,MID
600157,2012-06-15,SMALL,PIT_SAFE_HISTORICAL_MCAP,2.2667049990130135,PIT_SAFE,2012-03-26,KNOWN_EFFECTIVE_DATE,LARGE
600157,2015-06-15,MID,PIT_SAFE_HISTORICAL_MCAP,12.615627518550964,PIT_SAFE,2015-03-06,KNOWN_EFFECTIVE_DATE,LARGE
600157,2018-10-15,MID,PIT_SAFE_HISTORICAL_MCAP,25.904785912858102,PIT_SAFE,2018-02-14,KNOWN_EFFECTIVE_DATE,LARGE
600159,2005-06-15,SMALL,PIT_SAFE_HISTORICAL_MCAP,0.2357589347906106,PIT_SAFE,2001-03-13,KNOWN_EFFECTIVE_DATE,MID
600159,2007-10-15,SMALL,PIT_SAFE_HISTORICAL_MCAP,1.3713805173387232,PIT_SAFE,2001-03-13,KNOWN_EFFECTIVE_DATE,MID
600159,2008-10-15,SMALL,PIT_SAFE_HISTORICAL_MCAP,0.8988703428321245,PIT_SAFE,2007-11-08,KNOWN_EFFECTIVE_DATE,MID
600160,2005-06-15,SMALL,PIT_SAFE_HISTORICAL_MCAP,0.24429332565424214,PIT_SAFE,2001-09-07,KNOWN_EFFECTIVE_DATE,LARGE
600160,2007-10-15,SMALL,PIT_SAFE_HISTORICAL_MCAP,1.1502143870860815,PIT_SAFE,2001-09-07,KNOWN_EFFECTIVE_DATE,LARGE
600160,2008-10-15,SMALL,PIT_SAFE_HISTORICAL_MCAP,0.686612298895833,PIT_SAFE,2001-09-07,KNOWN_EFFECTIVE_DATE,LARGE
600161,2005-06-15,SMALL,PIT_SAFE_HISTORICAL_MCAP,0.1882439127521517,PIT_SAFE,2003-09-05,KNOWN_EFFECTIVE_DATE,LARGE
600161,2007-10-15,SMALL,PIT_SAFE_HISTORICAL_MCAP,1.0542322384307699,PIT_SAFE,2003-09-05,KNOWN_EFFECTIVE_DATE,LARGE
600161,2008-10-15,SMALL,PIT_SAFE_HISTORICAL_MCAP,1.7137488238275786,PIT_SAFE,2003-09-05,KNOWN_EFFECTIVE_DATE,LARGE
600167,2018-10-15,SMALL,PIT_SAFE_HISTORICAL_MCAP,4.13768395181145,PIT_SAFE,2018-05-14,KNOWN_EFFECTIVE_DATE,LARGE
600167,2022-12-15,MID,PIT_SAFE_HISTORICAL_MCAP,12.791408798606032,PIT_SAFE,2019-06-06,KNOWN_EFFECTIVE_DATE,LARGE
600167,2024-06-15,MID,PIT_SAFE_HISTORICAL_MCAP,11.05161706425,PIT_SAFE,2019-06-06,KNOWN_EFFECTIVE_DATE,LARGE
600172,2005-06-15,SMALL,PIT_SAFE_HISTORICAL_MCAP,0.30949613514058705,PIT_SAFE,2001-03-06,KNOWN_EFFECTIVE_DATE,LARGE
600172,2007-10-15,SMALL,PIT_SAFE_HISTORICAL_MCAP,0.689918435427815,PIT_SAFE,2001-03-06,KNOWN_EFFECTIVE_DATE,LARGE
600172,2008-10-15,SMALL,PIT_SAFE_HISTORICAL_MCAP,0.5110610975552115,PIT_SAFE,2001-03-06,KNOWN_EFFECTIVE_DATE,LARGE
600176,2012-06-15,SMALL,PIT_SAFE_HISTORICAL_MCAP,1.2041993245471394,PIT_SAFE,2011-08-05,KNOWN_EFFECTIVE_DATE,LARGE
600176,2015-06-15,MID,PIT_SAFE_HISTORICAL_MCAP,5.134616007412219,PIT_SAFE,2014-08-04,KNOWN_EFFECTIVE_DATE,LARGE
600176,2018-10-15,MID,PIT_SAFE_HISTORICAL_MCAP,17.46721601986234,PIT_SAFE,2017-01-09,KNOWN_EFFECTIVE_DATE,LARGE
600184,2005-06-15,SMALL,PIT_SAFE_HISTORICAL_MCAP,0.16307391267697036,PIT_SAFE,2003-11-06,KNOWN_EFFECTIVE_DATE,LARGE
600184,2007-10-15,SMALL,PIT_SAFE_HISTORICAL_MCAP,0.4635928605200801,PIT_SAFE,2003-11-06,KNOWN_EFFECTIVE_DATE,LARGE
600184,2008-10-15,SMALL,PIT_SAFE_HISTORICAL_MCAP,0.3213940736452111,PIT_SAFE,2003-11-06,KNOWN_EFFECTIVE_DATE,LARGE
600188,2005-06-15,SMALL,PIT_SAFE_HISTORICAL_MCAP,4.116646694761586,PIT_SAFE,2004-07-15,KNOWN_EFFECTIVE_DATE,LARGE
600188,2007-10-15,MID,PIT_SAFE_HISTORICAL_MCAP,15.035746366183561,PIT_SAFE,2004-07-15,KNOWN_EFFECTIVE_DATE,LARGE
600188,2008-10-15,MID,PIT_SAFE_HISTORICAL_MCAP,7.953086950208344,PIT_SAFE,2004-07-15,KNOWN_EFFECTIVE_DATE,LARGE
600192,2005-06-15,SMALL,PIT_SAFE_HISTORICAL_MCAP,0.12300337792240583,PIT_SAFE,2000-08-11,KNOWN_EFFECTIVE_DATE,MID
600192,2007-10-15,SMALL,PIT_SAFE_HISTORICAL_MCAP,0.6209452055844233,PIT_SAFE,2006-11-13,KNOWN_EFFECTIVE_DATE,MID
600192,2008-10-15,SMALL,PIT_SAFE_HISTORICAL_MCAP,0.18851463741563446,PIT_SAFE,2006-11-13,KNOWN_EFFECTIVE_DATE,MID
600202,2005-06-15,SMALL,APPROXIMATE_HISTORICAL_MCAP,0.6525924933822305,APPROXIMATE,2004-12-31,APPROXIMATE_EFFECTIVE_DATE,MID
600202,2007-10-15,SMALL,APPROXIMATE_HISTORICAL_MCAP,2.087494627977982,APPROXIMATE,2007-06-30,APPROXIMATE_EFFECTIVE_DATE,MID
600202,2008-10-15,SMALL,APPROXIMATE_HISTORICAL_MCAP,4.012667500332335,APPROXIMATE,2008-06-30,APPROXIMATE_EFFECTIVE_DATE,MID
600203,2007-10-15,SMALL,PIT_SAFE_HISTORICAL_MCAP,0.5290426310241848,PIT_SAFE,2006-11-16,KNOWN_EFFECTIVE_DATE,MID
600203,2008-10-15,SMALL,PIT_SAFE_HISTORICAL_MCAP,0.9408232810946925,PIT_SAFE,2006-11-16,KNOWN_EFFECTIVE_DATE,MID
600203,2012-06-15,SMALL,PIT_SAFE_HISTORICAL_MCAP,1.0976271278338587,PIT_SAFE,2006-11-16,KNOWN_EFFECTIVE_DATE,MID
600208,2007-10-15,SMALL,PIT_SAFE_HISTORICAL_MCAP,2.3549836628917995,PIT_SAFE,2007-09-04,KNOWN_EFFECTIVE_DATE,LARGE
600208,2008-10-15,SMALL,PIT_SAFE_HISTORICAL_MCAP,4.967226446502105,PIT_SAFE,2008-09-05,KNOWN_EFFECTIVE_DATE,LARGE
600208,2012-06-15,MID,PIT_SAFE_HISTORICAL_MCAP,5.486535102416085,PIT_SAFE,2009-11-30,KNOWN_EFFECTIVE_DATE,LARGE
600210,2005-06-15,SMALL,PIT_SAFE_HISTORICAL_MCAP,0.717318436263291,PIT_SAFE,2003-12-26,KNOWN_EFFECTIVE_DATE,LARGE
600210,2007-10-15,SMALL,PIT_SAFE_HISTORICAL_MCAP,2.8957368194595787,PIT_SAFE,2003-12-26,KNOWN_EFFECTIVE_DATE,LARGE
600210,2008-10-15,SMALL,PIT_SAFE_HISTORICAL_MCAP,0.9340905416873815,PIT_SAFE,2003-12-26,KNOWN_EFFECTIVE_DATE,LARGE
600211,2018-10-15,SMALL,PIT_SAFE_HISTORICAL_MCAP,2.171333968489129,PIT_SAFE,2017-05-03,KNOWN_EFFECTIVE_DATE,LARGE
600211,2022-12-15,MID,PIT_SAFE_HISTORICAL_MCAP,6.308978443458559,PIT_SAFE,2020-05-06,KNOWN_EFFECTIVE_DATE,LARGE
600211,2024-06-15,MID,PIT_SAFE_HISTORICAL_MCAP,8.02326859948,PIT_SAFE,2020-05-06,KNOWN_EFFECTIVE_DATE,LARGE
600216,2015-06-15,MID,PIT_SAFE_HISTORICAL_MCAP,6.924182016331492,PIT_SAFE,2013-08-26,KNOWN_EFFECTIVE_DATE,LARGE
600216,2018-10-15,MID,PIT_SAFE_HISTORICAL_MCAP,6.474424063874082,PIT_SAFE,2017-11-21,KNOWN_EFFECTIVE_DATE,LARGE
600216,2022-12-15,MID,PIT_SAFE_HISTORICAL_MCAP,11.217952647367861,PIT_SAFE,2022-03-18,KNOWN_EFFECTIVE_DATE,LARGE
600219,2007-10-15,SMALL,PIT_SAFE_HISTORICAL_MCAP,4.417081639140137,PIT_SAFE,2007-04-30,KNOWN_EFFECTIVE_DATE,LARGE
600219,2008-10-15,SMALL,PIT_SAFE_HISTORICAL_MCAP,4.389927156284558,PIT_SAFE,2007-04-30,KNOWN_EFFECTIVE_DATE,LARGE
600219,2012-06-15,SMALL,PIT_SAFE_HISTORICAL_MCAP,2.6625541210680597,PIT_SAFE,2011-10-31,KNOWN_EFFECTIVE_DATE,LARGE
600226,2005-06-15,SMALL,PIT_SAFE_HISTORICAL_MCAP,0.29093230820452426,PIT_SAFE,2002-09-10,KNOWN_EFFECTIVE_DATE,LARGE
600226,2007-10-15,SMALL,PIT_SAFE_HISTORICAL_MCAP,0.14540205499427297,PIT_SAFE,2002-09-10,KNOWN_EFFECTIVE_DATE,LARGE
600226,2008-10-15,SMALL,PIT_SAFE_HISTORICAL_MCAP,0.19374117144043335,PIT_SAFE,2002-09-10,KNOWN_EFFECTIVE_DATE,LARGE
600232,2005-06-15,SMALL,PIT_SAFE_HISTORICAL_MCAP,0.6905465873381259,PIT_SAFE,2000-06-02,KNOWN_EFFECTIVE_DATE,MID
600232,2007-10-15,SMALL,PIT_SAFE_HISTORICAL_MCAP,0.5617662471636592,PIT_SAFE,2000-06-02,KNOWN_EFFECTIVE_DATE,MID
600232,2008-10-15,SMALL,PIT_SAFE_HISTORICAL_MCAP,0.9100816300089233,PIT_SAFE,2000-06-02,KNOWN_EFFECTIVE_DATE,MID
600256,2005-06-15,SMALL,PIT_SAFE_HISTORICAL_MCAP,0.07974571087182124,PIT_SAFE,2000-05-26,KNOWN_EFFECTIVE_DATE,LARGE
600256,2007-10-15,SMALL,PIT_SAFE_HISTORICAL_MCAP,0.17284744251427472,PIT_SAFE,2000-05-26,KNOWN_EFFECTIVE_DATE,LARGE
600256,2008-10-15,SMALL,PIT_SAFE_HISTORICAL_MCAP,0.24461858446279003,PIT_SAFE,2000-05-26,KNOWN_EFFECTIVE_DATE,LARGE
600257,2005-06-15,SMALL,PIT_SAFE_HISTORICAL_MCAP,0.04690786059703004,PIT_SAFE,2000-06-12,KNOWN_EFFECTIVE_DATE,MID
600257,2007-10-15,SMALL,PIT_SAFE_HISTORICAL_MCAP,0.05591910760482373,PIT_SAFE,2000-06-12,KNOWN_EFFECTIVE_DATE,MID
600257,2008-10-15,SMALL,PIT_SAFE_HISTORICAL_MCAP,0.18643817141726818,PIT_SAFE,2000-06-12,KNOWN_EFFECTIVE_DATE,MID
600258,2005-06-15,SMALL,PIT_SAFE_HISTORICAL_MCAP,0.7209611973427758,PIT_SAFE,2000-06-01,KNOWN_EFFECTIVE_DATE,LARGE
600258,2007-10-15,SMALL,PIT_SAFE_HISTORICAL_MCAP,0.8441147523324055,PIT_SAFE,2000-06-01,KNOWN_EFFECTIVE_DATE,LARGE
600258,2008-10-15,SMALL,PIT_SAFE_HISTORICAL_MCAP,3.788681306264886,PIT_SAFE,2000-06-01,KNOWN_EFFECTIVE_DATE,LARGE
600259,2005-06-15,SMALL,PIT_SAFE_HISTORICAL_MCAP,1.4219411875372,PIT_SAFE,2000-05-25,KNOWN_EFFECTIVE_DATE,LARGE
600259,2007-10-15,SMALL,PIT_SAFE_HISTORICAL_MCAP,0.6051655070961681,PIT_SAFE,2000-05-25,KNOWN_EFFECTIVE_DATE,LARGE
600259,2008-10-15,SMALL,PIT_SAFE_HISTORICAL_MCAP,0.39751069342269274,PIT_SAFE,2000-05-25,KNOWN_EFFECTIVE_DATE,LARGE
600266,2007-10-15,MID,PIT_SAFE_HISTORICAL_MCAP,7.796525048447411,PIT_SAFE,2007-02-05,KNOWN_EFFECTIVE_DATE,MID
600266,2008-10-15,SMALL,PIT_SAFE_HISTORICAL_MCAP,1.9502243710121245,PIT_SAFE,2008-02-05,KNOWN_EFFECTIVE_DATE,MID
600266,2012-06-15,SMALL,PIT_SAFE_HISTORICAL_MCAP,4.694093760140249,PIT_SAFE,2010-02-05,KNOWN_EFFECTIVE_DATE,MID
600271,2005-06-15,SMALL,PIT_SAFE_HISTORICAL_MCAP,0.170243262820142,PIT_SAFE,2003-07-11,KNOWN_EFFECTIVE_DATE,LARGE
600271,2007-10-15,SMALL,PIT_SAFE_HISTORICAL_MCAP,1.0579626460529696,PIT_SAFE,2003-07-11,KNOWN_EFFECTIVE_DATE,LARGE
600271,2008-10-15,SMALL,PIT_SAFE_HISTORICAL_MCAP,1.348110837104535,PIT_SAFE,2003-07-11,KNOWN_EFFECTIVE_DATE,LARGE
600273,2005-06-15,SMALL,PIT_SAFE_HISTORICAL_MCAP,0.5044950005781839,PIT_SAFE,2003-06-27,KNOWN_EFFECTIVE_DATE,LARGE
600273,2007-10-15,SMALL,PIT_SAFE_HISTORICAL_MCAP,0.5613047125503323,PIT_SAFE,2007-08-03,KNOWN_EFFECTIVE_DATE,LARGE
600273,2008-10-15,SMALL,PIT_SAFE_HISTORICAL_MCAP,1.5463666931166242,PIT_SAFE,2007-08-03,KNOWN_EFFECTIVE_DATE,LARGE
600276,2005-06-15,SMALL,PIT_SAFE_HISTORICAL_MCAP,0.05898777605203001,PIT_SAFE,2000-10-18,KNOWN_EFFECTIVE_DATE,LARGE
600276,2007-10-15,SMALL,PIT_SAFE_HISTORICAL_MCAP,0.3458475005188355,PIT_SAFE,2000-10-18,KNOWN_EFFECTIVE_DATE,LARGE
600276,2008-10-15,SMALL,PIT_SAFE_HISTORICAL_MCAP,0.3610083789584989,PIT_SAFE,2000-10-18,KNOWN_EFFECTIVE_DATE,LARGE
600279,2005-06-15,SMALL,PIT_SAFE_HISTORICAL_MCAP,0.6391067327570563,PIT_SAFE,2000-07-31,KNOWN_EFFECTIVE_DATE,MID
600279,2007-10-15,SMALL,PIT_SAFE_HISTORICAL_MCAP,2.0720139306115333,PIT_SAFE,2000-07-31,KNOWN_EFFECTIVE_DATE,MID
600279,2008-10-15,SMALL,PIT_SAFE_HISTORICAL_MCAP,1.3648420326425421,PIT_SAFE,2000-07-31,KNOWN_EFFECTIVE_DATE,MID
600285,2005-06-15,SMALL,PIT_SAFE_HISTORICAL_MCAP,0.06687814576872196,PIT_SAFE,2000-10-18,KNOWN_EFFECTIVE_DATE,LARGE
600285,2007-10-15,SMALL,PIT_SAFE_HISTORICAL_MCAP,0.28026609181272155,PIT_SAFE,2000-10-18,KNOWN_EFFECTIVE_DATE,LARGE
600285,2008-10-15,SMALL,PIT_SAFE_HISTORICAL_MCAP,0.16631403386787563,PIT_SAFE,2000-10-18,KNOWN_EFFECTIVE_DATE,LARGE
600298,2005-06-15,SMALL,PIT_SAFE_HISTORICAL_MCAP,0.13782169626615087,PIT_SAFE,2000-08-18,KNOWN_EFFECTIVE_DATE,LARGE
600298,2007-10-15,SMALL,PIT_SAFE_HISTORICAL_MCAP,1.3756136812572932,PIT_SAFE,2000-08-18,KNOWN_EFFECTIVE_DATE,LARGE
600298,2008-10-15,SMALL,PIT_SAFE_HISTORICAL_MCAP,0.5005990547372099,PIT_SAFE,2000-08-18,KNOWN_EFFECTIVE_DATE,LARGE
600300,2008-10-15,SMALL,PIT_SAFE_HISTORICAL_MCAP,1.2747218531991524,PIT_SAFE,2008-05-22,KNOWN_EFFECTIVE_DATE,MID
600300,2012-06-15,MID,PIT_SAFE_HISTORICAL_MCAP,12.636026829582832,PIT_SAFE,2011-05-23,KNOWN_EFFECTIVE_DATE,MID
600300,2015-06-15,MID,PIT_SAFE_HISTORICAL_MCAP,17.831675047437393,PIT_SAFE,2011-05-23,KNOWN_EFFECTIVE_DATE,MID
600307,2005-06-15,SMALL,PIT_SAFE_HISTORICAL_MCAP,0.7739638083835818,PIT_SAFE,2000-12-20,KNOWN_EFFECTIVE_DATE,LARGE
600307,2007-10-15,SMALL,PIT_SAFE_HISTORICAL_MCAP,2.154519227513727,PIT_SAFE,2000-12-20,KNOWN_EFFECTIVE_DATE,LARGE
600307,2008-10-15,SMALL,PIT_SAFE_HISTORICAL_MCAP,1.4349247089601913,PIT_SAFE,2000-12-20,KNOWN_EFFECTIVE_DATE,LARGE
600308,2005-06-15,SMALL,PIT_SAFE_HISTORICAL_MCAP,0.303700185145143,PIT_SAFE,2000-09-28,KNOWN_EFFECTIVE_DATE,MID
600308,2007-10-15,MID,PIT_SAFE_HISTORICAL_MCAP,5.954528059660056,PIT_SAFE,2007-06-29,KNOWN_EFFECTIVE_DATE,MID
600308,2008-10-15,SMALL,PIT_SAFE_HISTORICAL_MCAP,1.4739717798219114,PIT_SAFE,2007-06-29,KNOWN_EFFECTIVE_DATE,MID
600312,2005-06-15,SMALL,PIT_SAFE_HISTORICAL_MCAP,0.31767469698236755,PIT_SAFE,2001-02-21,KNOWN_EFFECTIVE_DATE,LARGE
600312,2007-10-15,SMALL,PIT_SAFE_HISTORICAL_MCAP,1.1617672089380882,PIT_SAFE,2001-02-21,KNOWN_EFFECTIVE_DATE,LARGE
600312,2008-10-15,SMALL,PIT_SAFE_HISTORICAL_MCAP,1.1356744072953282,PIT_SAFE,2001-02-21,KNOWN_EFFECTIVE_DATE,LARGE
600320,2005-06-15,SMALL,PIT_SAFE_HISTORICAL_MCAP,0.7982643724137356,PIT_SAFE,2000-12-21,KNOWN_EFFECTIVE_DATE,LARGE
600320,2007-10-15,MID,PIT_SAFE_HISTORICAL_MCAP,6.534672254087656,PIT_SAFE,2000-12-21,KNOWN_EFFECTIVE_DATE,LARGE
600320,2008-10-15,MID,PIT_SAFE_HISTORICAL_MCAP,18.644742942635485,PIT_SAFE,2007-10-23,KNOWN_EFFECTIVE_DATE,LARGE
600326,2005-06-15,SMALL,PIT_SAFE_HISTORICAL_MCAP,0.04346103529825507,PIT_SAFE,2001-01-16,KNOWN_EFFECTIVE_DATE,LARGE
600326,2007-10-15,SMALL,PIT_SAFE_HISTORICAL_MCAP,0.4819433446444803,PIT_SAFE,2007-09-04,KNOWN_EFFECTIVE_DATE,LARGE
600326,2008-10-15,SMALL,PIT_SAFE_HISTORICAL_MCAP,0.4000603427616726,PIT_SAFE,2008-09-05,KNOWN_EFFECTIVE_DATE,LARGE
600330,2005-06-15,SMALL,PIT_SAFE_HISTORICAL_MCAP,0.7866237740295671,PIT_SAFE,2005-01-27,KNOWN_EFFECTIVE_DATE,LARGE
600330,2007-10-15,SMALL,PIT_SAFE_HISTORICAL_MCAP,1.4828672768128475,PIT_SAFE,2005-01-27,KNOWN_EFFECTIVE_DATE,LARGE
600330,2008-10-15,SMALL,PIT_SAFE_HISTORICAL_MCAP,2.945957874311479,PIT_SAFE,2008-01-03,KNOWN_EFFECTIVE_DATE,LARGE
600331,2005-06-15,SMALL,PIT_SAFE_HISTORICAL_MCAP,0.11777271685107,PIT_SAFE,2001-12-20,KNOWN_EFFECTIVE_DATE,LARGE
600331,2007-10-15,SMALL,PIT_SAFE_HISTORICAL_MCAP,2.026704597946693,PIT_SAFE,2007-09-12,KNOWN_EFFECTIVE_DATE,LARGE
600331,2008-10-15,MID,PIT_SAFE_HISTORICAL_MCAP,10.954548452232624,PIT_SAFE,2007-09-12,KNOWN_EFFECTIVE_DATE,LARGE
600333,2005-06-15,SMALL,PIT_SAFE_HISTORICAL_MCAP,0.1785536569332081,PIT_SAFE,2000-12-11,KNOWN_EFFECTIVE_DATE,MID
600333,2007-10-15,SMALL,PIT_SAFE_HISTORICAL_MCAP,0.2863804866017771,PIT_SAFE,2000-12-11,KNOWN_EFFECTIVE_DATE,MID
600333,2008-10-15,SMALL,PIT_SAFE_HISTORICAL_MCAP,0.31369239868029924,PIT_SAFE,2000-12-11,KNOWN_EFFECTIVE_DATE,MID
600336,2005-06-15,SMALL,PIT_SAFE_HISTORICAL_MCAP,0.4770274856395895,PIT_SAFE,2000-12-29,KNOWN_EFFECTIVE_DATE,MID
600336,2007-10-15,SMALL,PIT_SAFE_HISTORICAL_MCAP,1.5820004629191597,PIT_SAFE,2000-12-29,KNOWN_EFFECTIVE_DATE,MID
600336,2008-10-15,SMALL,PIT_SAFE_HISTORICAL_MCAP,0.6226686588352194,PIT_SAFE,2000-12-29,KNOWN_EFFECTIVE_DATE,MID
600339,2005-06-15,SMALL,PIT_SAFE_HISTORICAL_MCAP,0.6507627269323649,PIT_SAFE,2000-12-25,KNOWN_EFFECTIVE_DATE,LARGE
600339,2007-10-15,SMALL,PIT_SAFE_HISTORICAL_MCAP,1.2205808003890526,PIT_SAFE,2007-05-21,KNOWN_EFFECTIVE_DATE,LARGE
600339,2008-10-15,SMALL,PIT_SAFE_HISTORICAL_MCAP,4.491145726014342,PIT_SAFE,2008-05-22,KNOWN_EFFECTIVE_DATE,LARGE
600345,2005-06-15,SMALL,PIT_SAFE_HISTORICAL_MCAP,0.9149506834629686,PIT_SAFE,2000-12-22,KNOWN_EFFECTIVE_DATE,LARGE
600345,2007-10-15,SMALL,PIT_SAFE_HISTORICAL_MCAP,1.365727443902682,PIT_SAFE,2000-12-22,KNOWN_EFFECTIVE_DATE,LARGE
600345,2008-10-15,SMALL,PIT_SAFE_HISTORICAL_MCAP,0.9756321448685992,PIT_SAFE,2000-12-22,KNOWN_EFFECTIVE_DATE,LARGE
600351,2005-06-15,SMALL,PIT_SAFE_HISTORICAL_MCAP,0.12927272089961758,PIT_SAFE,2002-09-26,KNOWN_EFFECTIVE_DATE,MID
600351,2007-10-15,SMALL,PIT_SAFE_HISTORICAL_MCAP,0.19197064655407425,PIT_SAFE,2002-09-26,KNOWN_EFFECTIVE_DATE,MID
600351,2008-10-15,SMALL,PIT_SAFE_HISTORICAL_MCAP,0.4324600242529102,PIT_SAFE,2008-05-29,KNOWN_EFFECTIVE_DATE,MID
600363,2005-06-15,SMALL,PIT_SAFE_HISTORICAL_MCAP,0.4946154183014199,PIT_SAFE,2001-03-29,KNOWN_EFFECTIVE_DATE,LARGE
600363,2007-10-15,SMALL,PIT_SAFE_HISTORICAL_MCAP,1.2102499220905454,PIT_SAFE,2001-03-29,KNOWN_EFFECTIVE_DATE,LARGE
600363,2008-10-15,SMALL,PIT_SAFE_HISTORICAL_MCAP,1.9385418945816069,PIT_SAFE,2001-03-29,KNOWN_EFFECTIVE_DATE,LARGE
600373,2005-06-15,SMALL,PIT_SAFE_HISTORICAL_MCAP,0.06920647368003012,PIT_SAFE,2002-03-04,KNOWN_EFFECTIVE_DATE,LARGE
600373,2007-10-15,SMALL,PIT_SAFE_HISTORICAL_MCAP,0.04803872473789874,PIT_SAFE,2002-03-04,KNOWN_EFFECTIVE_DATE,LARGE
600373,2008-10-15,SMALL,PIT_SAFE_HISTORICAL_MCAP,0.10408390540143718,PIT_SAFE,2002-03-04,KNOWN_EFFECTIVE_DATE,LARGE
600376,2005-06-15,SMALL,PIT_SAFE_HISTORICAL_MCAP,0.04044422220711618,PIT_SAFE,2001-03-12,KNOWN_EFFECTIVE_DATE,LARGE
600376,2007-10-15,SMALL,PIT_SAFE_HISTORICAL_MCAP,0.6214002708875856,PIT_SAFE,2001-03-12,KNOWN_EFFECTIVE_DATE,LARGE
600376,2008-10-15,SMALL,PIT_SAFE_HISTORICAL_MCAP,0.8365439028836267,PIT_SAFE,2008-01-09,KNOWN_EFFECTIVE_DATE,LARGE
600377,2005-06-15,MID,PIT_SAFE_HISTORICAL_MCAP,8.00257892400506,PIT_SAFE,2001-01-16,KNOWN_EFFECTIVE_DATE,LARGE
600377,2007-10-15,MID,PIT_SAFE_HISTORICAL_MCAP,21.302102426341495,PIT_SAFE,2001-01-16,KNOWN_EFFECTIVE_DATE,LARGE
600377,2008-10-15,MID,PIT_SAFE_HISTORICAL_MCAP,11.076585224440171,PIT_SAFE,2001-01-16,KNOWN_EFFECTIVE_DATE,LARGE
600380,2005-06-15,SMALL,PIT_SAFE_HISTORICAL_MCAP,0.45693184529639574,PIT_SAFE,2001-06-08,KNOWN_EFFECTIVE_DATE,LARGE
600380,2007-10-15,SMALL,PIT_SAFE_HISTORICAL_MCAP,1.2094994986995542,PIT_SAFE,2001-06-08,KNOWN_EFFECTIVE_DATE,LARGE
600380,2008-10-15,SMALL,PIT_SAFE_HISTORICAL_MCAP,0.9337494860566233,PIT_SAFE,2001-06-08,KNOWN_EFFECTIVE_DATE,LARGE
600383,2005-06-15,SMALL,PIT_SAFE_HISTORICAL_MCAP,0.1972064012644957,PIT_SAFE,2005-01-06,KNOWN_EFFECTIVE_DATE,LARGE
600383,2007-10-15,MID,PIT_SAFE_HISTORICAL_MCAP,5.803117519597991,PIT_SAFE,2007-07-04,KNOWN_EFFECTIVE_DATE,LARGE
600383,2008-10-15,SMALL,PIT_SAFE_HISTORICAL_MCAP,2.306125007180693,PIT_SAFE,2008-07-04,KNOWN_EFFECTIVE_DATE,LARGE
600391,2005-06-15,SMALL,PIT_SAFE_HISTORICAL_MCAP,0.04196831820932634,PIT_SAFE,2001-12-12,KNOWN_EFFECTIVE_DATE,LARGE
600391,2007-10-15,SMALL,PIT_SAFE_HISTORICAL_MCAP,0.27681542712486595,PIT_SAFE,2001-12-12,KNOWN_EFFECTIVE_DATE,LARGE
600391,2008-10-15,SMALL,PIT_SAFE_HISTORICAL_MCAP,0.16297454069240935,PIT_SAFE,2001-12-12,KNOWN_EFFECTIVE_DATE,LARGE
600392,2005-06-15,SMALL,PIT_SAFE_HISTORICAL_MCAP,0.08529136413116321,PIT_SAFE,2003-05-29,KNOWN_EFFECTIVE_DATE,LARGE
600392,2007-10-15,SMALL,PIT_SAFE_HISTORICAL_MCAP,0.14693496480866328,PIT_SAFE,2003-05-29,KNOWN_EFFECTIVE_DATE,LARGE
600392,2008-10-15,SMALL,PIT_SAFE_HISTORICAL_MCAP,0.1568324858920285,PIT_SAFE,2003-05-29,KNOWN_EFFECTIVE_DATE,LARGE
600396,2005-06-15,SMALL,PIT_SAFE_HISTORICAL_MCAP,0.07551753535866736,PIT_SAFE,2001-03-28,KNOWN_EFFECTIVE_DATE,LARGE
600396,2007-10-15,SMALL,PIT_SAFE_HISTORICAL_MCAP,0.5883960874997651,PIT_SAFE,2006-09-21,KNOWN_EFFECTIVE_DATE,LARGE
600396,2008-10-15,SMALL,PIT_SAFE_HISTORICAL_MCAP,0.41979742549015914,PIT_SAFE,2006-09-21,KNOWN_EFFECTIVE_DATE,LARGE
600397,2005-06-15,SMALL,PIT_SAFE_HISTORICAL_MCAP,0.10293167105796586,PIT_SAFE,2002-07-02,KNOWN_EFFECTIVE_DATE,LARGE
600397,2007-10-15,SMALL,PIT_SAFE_HISTORICAL_MCAP,0.17808247111573206,PIT_SAFE,2002-07-02,KNOWN_EFFECTIVE_DATE,LARGE
600397,2008-10-15,SMALL,PIT_SAFE_HISTORICAL_MCAP,0.2523428644141188,PIT_SAFE,2002-07-02,KNOWN_EFFECTIVE_DATE,LARGE
600400,2005-06-15,SMALL,PIT_SAFE_HISTORICAL_MCAP,0.16468651543374768,PIT_SAFE,2004-09-23,KNOWN_EFFECTIVE_DATE,MID
600400,2007-10-15,SMALL,PIT_SAFE_HISTORICAL_MCAP,0.21797217202747607,PIT_SAFE,2004-09-23,KNOWN_EFFECTIVE_DATE,MID
600400,2008-10-15,SMALL,PIT_SAFE_HISTORICAL_MCAP,0.3150454536345004,PIT_SAFE,2004-09-23,KNOWN_EFFECTIVE_DATE,MID
600408,2005-06-15,SMALL,PIT_SAFE_HISTORICAL_MCAP,0.29495294240407566,PIT_SAFE,2003-02-12,KNOWN_EFFECTIVE_DATE,MID
600408,2007-10-15,SMALL,PIT_SAFE_HISTORICAL_MCAP,0.45031485864315657,PIT_SAFE,2007-08-17,KNOWN_EFFECTIVE_DATE,MID
600408,2008-10-15,SMALL,PIT_SAFE_HISTORICAL_MCAP,3.6285724571806437,PIT_SAFE,2008-08-18,KNOWN_EFFECTIVE_DATE,MID
600410,2005-06-15,SMALL,PIT_SAFE_HISTORICAL_MCAP,0.13961532789815453,PIT_SAFE,2004-04-27,KNOWN_EFFECTIVE_DATE,LARGE
600410,2007-10-15,SMALL,PIT_SAFE_HISTORICAL_MCAP,2.7670385044350243,PIT_SAFE,2007-09-14,KNOWN_EFFECTIVE_DATE,LARGE
600410,2008-10-15,SMALL,PIT_SAFE_HISTORICAL_MCAP,2.454575079931068,PIT_SAFE,2008-09-16,KNOWN_EFFECTIVE_DATE,LARGE
600415,2005-06-15,SMALL,PIT_SAFE_HISTORICAL_MCAP,0.07282849469438801,PIT_SAFE,2004-04-01,KNOWN_EFFECTIVE_DATE,LARGE
600415,2007-10-15,SMALL,PIT_SAFE_HISTORICAL_MCAP,0.2609604269369371,PIT_SAFE,2004-04-01,KNOWN_EFFECTIVE_DATE,LARGE
600415,2008-10-15,SMALL,PIT_SAFE_HISTORICAL_MCAP,0.33263823725523867,PIT_SAFE,2008-08-28,KNOWN_EFFECTIVE_DATE,LARGE
600416,2005-06-15,SMALL,PIT_SAFE_HISTORICAL_MCAP,0.10582655305385749,PIT_SAFE,2002-07-18,KNOWN_EFFECTIVE_DATE,LARGE
600416,2007-10-15,SMALL,PIT_SAFE_HISTORICAL_MCAP,0.6711041700872149,PIT_SAFE,2006-11-08,KNOWN_EFFECTIVE_DATE,LARGE
600416,2008-10-15,SMALL,PIT_SAFE_HISTORICAL_MCAP,0.4135586571930553,PIT_SAFE,2006-11-08,KNOWN_EFFECTIVE_DATE,LARGE
600420,2005-06-15,SMALL,PIT_SAFE_HISTORICAL_MCAP,0.08999384794338003,PIT_SAFE,2004-06-16,KNOWN_EFFECTIVE_DATE,LARGE
600420,2007-10-15,SMALL,PIT_SAFE_HISTORICAL_MCAP,0.8385906015676612,PIT_SAFE,2007-04-04,KNOWN_EFFECTIVE_DATE,LARGE
600420,2008-10-15,SMALL,PIT_SAFE_HISTORICAL_MCAP,1.099699478323997,PIT_SAFE,2007-04-04,KNOWN_EFFECTIVE_DATE,LARGE
600422,2005-06-15,SMALL,PIT_SAFE_HISTORICAL_MCAP,0.15675487258286422,PIT_SAFE,2000-12-06,KNOWN_EFFECTIVE_DATE,MID
600422,2007-10-15,SMALL,PIT_SAFE_HISTORICAL_MCAP,0.24290888769863864,PIT_SAFE,2000-12-06,KNOWN_EFFECTIVE_DATE,MID
600422,2008-10-15,SMALL,PIT_SAFE_HISTORICAL_MCAP,0.33666471761905775,PIT_SAFE,2000-12-06,KNOWN_EFFECTIVE_DATE,MID
600433,2005-06-15,SMALL,PIT_SAFE_HISTORICAL_MCAP,0.17060152554602245,PIT_SAFE,2003-06-19,KNOWN_EFFECTIVE_DATE,MID
600433,2007-10-15,SMALL,PIT_SAFE_HISTORICAL_MCAP,0.17104121420900673,PIT_SAFE,2003-06-19,KNOWN_EFFECTIVE_DATE,MID
600433,2008-10-15,SMALL,PIT_SAFE_HISTORICAL_MCAP,0.2899786245619397,PIT_SAFE,2003-06-19,KNOWN_EFFECTIVE_DATE,MID
600436,2005-06-15,SMALL,PIT_SAFE_HISTORICAL_MCAP,0.282670996919273,PIT_SAFE,2003-06-16,KNOWN_EFFECTIVE_DATE,LARGE
600436,2007-10-15,SMALL,PIT_SAFE_HISTORICAL_MCAP,1.112039733927454,PIT_SAFE,2003-06-16,KNOWN_EFFECTIVE_DATE,LARGE
600436,2008-10-15,SMALL,PIT_SAFE_HISTORICAL_MCAP,0.5188315698746512,PIT_SAFE,2003-06-16,KNOWN_EFFECTIVE_DATE,LARGE
600444,2005-06-15,SMALL,PIT_SAFE_HISTORICAL_MCAP,0.43594767923693634,PIT_SAFE,2004-02-19,KNOWN_EFFECTIVE_DATE,MID
600444,2007-10-15,SMALL,PIT_SAFE_HISTORICAL_MCAP,0.29574517491094177,PIT_SAFE,2004-02-19,KNOWN_EFFECTIVE_DATE,MID
600444,2008-10-15,SMALL,PIT_SAFE_HISTORICAL_MCAP,1.0727451880945695,PIT_SAFE,2004-02-19,KNOWN_EFFECTIVE_DATE,MID
600452,2005-06-15,SMALL,PIT_SAFE_HISTORICAL_MCAP,0.08178822159815081,PIT_SAFE,2004-03-03,KNOWN_EFFECTIVE_DATE,LARGE
600452,2007-10-15,SMALL,PIT_SAFE_HISTORICAL_MCAP,0.15958971558186255,PIT_SAFE,2004-03-03,KNOWN_EFFECTIVE_DATE,LARGE
600452,2008-10-15,SMALL,PIT_SAFE_HISTORICAL_MCAP,0.10123859285822297,PIT_SAFE,2004-03-03,KNOWN_EFFECTIVE_DATE,LARGE
600456,2005-06-15,SMALL,PIT_SAFE_HISTORICAL_MCAP,0.5464004608530012,PIT_SAFE,2002-04-12,KNOWN_EFFECTIVE_DATE,LARGE
600456,2007-10-15,MID,PIT_SAFE_HISTORICAL_MCAP,25.4227817204153,PIT_SAFE,2007-09-12,KNOWN_EFFECTIVE_DATE,LARGE
600456,2008-10-15,MID,PIT_SAFE_HISTORICAL_MCAP,5.443952476624783,PIT_SAFE,2008-01-22,KNOWN_EFFECTIVE_DATE,LARGE
600461,2005-06-15,SMALL,PIT_SAFE_HISTORICAL_MCAP,0.14866983002051476,PIT_SAFE,2004-06-01,KNOWN_EFFECTIVE_DATE,LARGE
600461,2007-10-15,SMALL,PIT_SAFE_HISTORICAL_MCAP,0.16889247890696027,PIT_SAFE,2004-06-01,KNOWN_EFFECTIVE_DATE,LARGE
600461,2008-10-15,SMALL,PIT_SAFE_HISTORICAL_MCAP,0.3471184817051258,PIT_SAFE,2004-06-01,KNOWN_EFFECTIVE_DATE,LARGE
600475,2005-06-15,SMALL,PIT_SAFE_HISTORICAL_MCAP,0.291901269348119,PIT_SAFE,2003-07-21,KNOWN_EFFECTIVE_DATE,LARGE
600475,2007-10-15,SMALL,PIT_SAFE_HISTORICAL_MCAP,0.802800015302652,PIT_SAFE,2003-07-21,KNOWN_EFFECTIVE_DATE,LARGE
600475,2008-10-15,SMALL,PIT_SAFE_HISTORICAL_MCAP,1.0898410399627383,PIT_SAFE,2003-07-21,KNOWN_EFFECTIVE_DATE,LARGE
600478,2005-06-15,SMALL,PIT_SAFE_HISTORICAL_MCAP,0.09885667809431713,PIT_SAFE,2003-09-18,KNOWN_EFFECTIVE_DATE,MID
600478,2007-10-15,SMALL,PIT_SAFE_HISTORICAL_MCAP,0.07954123454885707,PIT_SAFE,2003-09-18,KNOWN_EFFECTIVE_DATE,MID
600478,2008-10-15,SMALL,PIT_SAFE_HISTORICAL_MCAP,0.47109268768291584,PIT_SAFE,2008-04-15,KNOWN_EFFECTIVE_DATE,MID
600483,2005-06-15,SMALL,PIT_SAFE_HISTORICAL_MCAP,0.18374677604266676,PIT_SAFE,2004-05-31,KNOWN_EFFECTIVE_DATE,LARGE
600483,2007-10-15,SMALL,PIT_SAFE_HISTORICAL_MCAP,0.7769342990506666,PIT_SAFE,2004-05-31,KNOWN_EFFECTIVE_DATE,LARGE
600483,2008-10-15,SMALL,PIT_SAFE_HISTORICAL_MCAP,0.4814804124553332,PIT_SAFE,2004-05-31,KNOWN_EFFECTIVE_DATE,LARGE
600488,2005-06-15,SMALL,PIT_SAFE_HISTORICAL_MCAP,0.2780094659239397,PIT_SAFE,2001-06-18,KNOWN_EFFECTIVE_DATE,MID
600488,2007-10-15,SMALL,PIT_SAFE_HISTORICAL_MCAP,0.69283616700519,PIT_SAFE,2001-06-18,KNOWN_EFFECTIVE_DATE,MID
600488,2008-10-15,SMALL,PIT_SAFE_HISTORICAL_MCAP,0.7976366459984915,PIT_SAFE,2001-06-18,KNOWN_EFFECTIVE_DATE,MID
600489,2005-06-15,SMALL,PIT_SAFE_HISTORICAL_MCAP,0.1250877119251483,PIT_SAFE,2003-08-14,KNOWN_EFFECTIVE_DATE,LARGE
600489,2007-10-15,SMALL,PIT_SAFE_HISTORICAL_MCAP,1.8134744532812905,PIT_SAFE,2003-08-14,KNOWN_EFFECTIVE_DATE,LARGE
600489,2008-10-15,SMALL,PIT_SAFE_HISTORICAL_MCAP,1.4225060808569416,PIT_SAFE,2008-02-28,KNOWN_EFFECTIVE_DATE,LARGE
600495,2005-06-15,SMALL,PIT_SAFE_HISTORICAL_MCAP,0.07319502863958681,PIT_SAFE,2004-05-26,KNOWN_EFFECTIVE_DATE,MID
600495,2007-10-15,SMALL,PIT_SAFE_HISTORICAL_MCAP,0.5145022622900643,PIT_SAFE,2004-05-26,KNOWN_EFFECTIVE_DATE,MID
600495,2008-10-15,SMALL,PIT_SAFE_HISTORICAL_MCAP,0.23601388344600904,PIT_SAFE,2004-05-26,KNOWN_EFFECTIVE_DATE,MID
600499,2005-06-15,SMALL,PIT_SAFE_HISTORICAL_MCAP,0.09430220907390945,PIT_SAFE,2002-10-10,KNOWN_EFFECTIVE_DATE,LARGE
600499,2007-10-15,SMALL,PIT_SAFE_HISTORICAL_MCAP,0.044970571132708775,PIT_SAFE,2002-10-10,KNOWN_EFFECTIVE_DATE,LARGE
600499,2008-10-15,SMALL,PIT_SAFE_HISTORICAL_MCAP,0.6496287917704797,PIT_SAFE,2008-06-12,KNOWN_EFFECTIVE_DATE,LARGE
600508,2005-06-15,SMALL,PIT_SAFE_HISTORICAL_MCAP,0.9304194512925538,PIT_SAFE,2001-08-29,KNOWN_EFFECTIVE_DATE,MID
600508,2007-10-15,MID,PIT_SAFE_HISTORICAL_MCAP,8.317665731945624,PIT_SAFE,2001-08-29,KNOWN_EFFECTIVE_DATE,MID
600508,2008-10-15,SMALL,PIT_SAFE_HISTORICAL_MCAP,2.541252630431421,PIT_SAFE,2001-08-29,KNOWN_EFFECTIVE_DATE,MID
600511,2005-06-15,SMALL,PIT_SAFE_HISTORICAL_MCAP,0.14668110121073133,PIT_SAFE,2002-11-27,KNOWN_EFFECTIVE_DATE,LARGE
600511,2007-10-15,SMALL,PIT_SAFE_HISTORICAL_MCAP,0.6996032978621504,PIT_SAFE,2002-11-27,KNOWN_EFFECTIVE_DATE,LARGE
600511,2008-10-15,SMALL,PIT_SAFE_HISTORICAL_MCAP,1.6057073995222477,PIT_SAFE,2002-11-27,KNOWN_EFFECTIVE_DATE,LARGE
600512,2005-06-15,SMALL,PIT_SAFE_HISTORICAL_MCAP,0.14406680735166422,PIT_SAFE,2002-12-26,KNOWN_EFFECTIVE_DATE,MID
600512,2007-10-15,SMALL,PIT_SAFE_HISTORICAL_MCAP,0.5753178369925307,PIT_SAFE,2002-12-26,KNOWN_EFFECTIVE_DATE,MID
600512,2008-10-15,SMALL,PIT_SAFE_HISTORICAL_MCAP,0.7955048289470754,PIT_SAFE,2008-01-25,KNOWN_EFFECTIVE_DATE,MID
600516,2005-06-15,SMALL,PIT_SAFE_HISTORICAL_MCAP,0.08757680836878921,PIT_SAFE,2002-08-30,KNOWN_EFFECTIVE_DATE,LARGE
600516,2007-10-15,SMALL,PIT_SAFE_HISTORICAL_MCAP,0.33580874501963337,PIT_SAFE,2002-08-30,KNOWN_EFFECTIVE_DATE,LARGE
600516,2008-10-15,SMALL,PIT_SAFE_HISTORICAL_MCAP,1.5753640687271786,PIT_SAFE,2008-07-04,KNOWN_EFFECTIVE_DATE,LARGE
600519,2005-06-15,SMALL,PIT_SAFE_HISTORICAL_MCAP,2.008622524105986,PIT_SAFE,2001-08-27,KNOWN_EFFECTIVE_DATE,LARGE
600519,2007-10-15,MID,PIT_SAFE_HISTORICAL_MCAP,18.297510865036877,PIT_SAFE,2001-08-27,KNOWN_EFFECTIVE_DATE,LARGE
600519,2008-10-15,MID,PIT_SAFE_HISTORICAL_MCAP,16.605738308629515,PIT_SAFE,2001-08-27,KNOWN_EFFECTIVE_DATE,LARGE
600521,2005-06-15,SMALL,PIT_SAFE_HISTORICAL_MCAP,0.16299049518908484,PIT_SAFE,2003-03-04,KNOWN_EFFECTIVE_DATE,LARGE
600521,2007-10-15,SMALL,PIT_SAFE_HISTORICAL_MCAP,0.9632470478656158,PIT_SAFE,2006-11-01,KNOWN_EFFECTIVE_DATE,LARGE
600521,2008-10-15,SMALL,PIT_SAFE_HISTORICAL_MCAP,0.6233188118973731,PIT_SAFE,2006-11-01,KNOWN_EFFECTIVE_DATE,LARGE
600523,2005-06-15,SMALL,PIT_SAFE_HISTORICAL_MCAP,0.36324052025235914,PIT_SAFE,2001-12-27,KNOWN_EFFECTIVE_DATE,MID
600523,2007-10-15,SMALL,PIT_SAFE_HISTORICAL_MCAP,1.4999115725530694,PIT_SAFE,2006-12-29,KNOWN_EFFECTIVE_DATE,MID
600523,2008-10-15,SMALL,PIT_SAFE_HISTORICAL_MCAP,2.0165476969952847,PIT_SAFE,2008-01-23,KNOWN_EFFECTIVE_DATE,MID
600529,2005-06-15,SMALL,PIT_SAFE_HISTORICAL_MCAP,0.18823664751850985,PIT_SAFE,2002-06-03,KNOWN_EFFECTIVE_DATE,LARGE
600529,2007-10-15,SMALL,PIT_SAFE_HISTORICAL_MCAP,1.4712341900213968,PIT_SAFE,2007-02-27,KNOWN_EFFECTIVE_DATE,LARGE
600529,2008-10-15,SMALL,PIT_SAFE_HISTORICAL_MCAP,0.9469342060227313,PIT_SAFE,2008-02-27,KNOWN_EFFECTIVE_DATE,LARGE
600531,2005-06-15,SMALL,PIT_SAFE_HISTORICAL_MCAP,0.1262452537309353,PIT_SAFE,2002-07-30,KNOWN_EFFECTIVE_DATE,LARGE
600531,2007-10-15,SMALL,PIT_SAFE_HISTORICAL_MCAP,0.5769762698125408,PIT_SAFE,2002-07-30,KNOWN_EFFECTIVE_DATE,LARGE
600531,2008-10-15,SMALL,PIT_SAFE_HISTORICAL_MCAP,0.29132739089143084,PIT_SAFE,2002-07-30,KNOWN_EFFECTIVE_DATE,LARGE
600535,2005-06-15,SMALL,PIT_SAFE_HISTORICAL_MCAP,0.1843559136814392,PIT_SAFE,2002-08-23,KNOWN_EFFECTIVE_DATE,LARGE
600535,2007-10-15,SMALL,PIT_SAFE_HISTORICAL_MCAP,1.092848534794217,PIT_SAFE,2007-01-24,KNOWN_EFFECTIVE_DATE,LARGE
600535,2008-10-15,SMALL,PIT_SAFE_HISTORICAL_MCAP,0.8112182521571226,PIT_SAFE,2008-01-24,KNOWN_EFFECTIVE_DATE,LARGE
600536,2005-06-15,SMALL,PIT_SAFE_HISTORICAL_MCAP,0.045785767151668266,PIT_SAFE,2002-05-17,KNOWN_EFFECTIVE_DATE,LARGE
600536,2007-10-15,SMALL,PIT_SAFE_HISTORICAL_MCAP,0.12072224043963603,PIT_SAFE,2002-05-17,KNOWN_EFFECTIVE_DATE,LARGE
600536,2008-10-15,SMALL,PIT_SAFE_HISTORICAL_MCAP,0.10645062568622557,PIT_SAFE,2008-05-15,KNOWN_EFFECTIVE_DATE,LARGE
600547,2005-06-15,SMALL,PIT_SAFE_HISTORICAL_MCAP,0.08651488850058164,PIT_SAFE,2003-08-28,KNOWN_EFFECTIVE_DATE,LARGE
600547,2007-10-15,SMALL,PIT_SAFE_HISTORICAL_MCAP,0.2963118139273521,PIT_SAFE,2003-08-28,KNOWN_EFFECTIVE_DATE,LARGE
600547,2008-10-15,SMALL,PIT_SAFE_HISTORICAL_MCAP,1.4505591594985534,PIT_SAFE,2008-01-24,KNOWN_EFFECTIVE_DATE,LARGE
600552,2005-06-15,SMALL,PIT_SAFE_HISTORICAL_MCAP,0.10602856908751768,PIT_SAFE,2002-11-08,KNOWN_EFFECTIVE_DATE,LARGE
600552,2007-10-15,SMALL,PIT_SAFE_HISTORICAL_MCAP,0.057226659596087165,PIT_SAFE,2002-11-08,KNOWN_EFFECTIVE_DATE,LARGE
600552,2008-10-15,SMALL,PIT_SAFE_HISTORICAL_MCAP,0.2599343817706668,PIT_SAFE,2002-11-08,KNOWN_EFFECTIVE_DATE,LARGE
600557,2005-06-15,SMALL,PIT_SAFE_HISTORICAL_MCAP,0.18743442038599456,PIT_SAFE,2002-09-18,KNOWN_EFFECTIVE_DATE,MID
600557,2007-10-15,SMALL,PIT_SAFE_HISTORICAL_MCAP,0.5154199509445273,PIT_SAFE,2002-09-18,KNOWN_EFFECTIVE_DATE,MID
600557,2008-10-15,SMALL,PIT_SAFE_HISTORICAL_MCAP,1.0661291943609543,PIT_SAFE,2008-01-23,KNOWN_EFFECTIVE_DATE,MID
600559,2005-06-15,SMALL,PIT_SAFE_HISTORICAL_MCAP,0.13955124219263593,PIT_SAFE,2002-10-29,KNOWN_EFFECTIVE_DATE,LARGE
600559,2007-10-15,SMALL,PIT_SAFE_HISTORICAL_MCAP,0.11856332726792974,PIT_SAFE,2002-10-29,KNOWN_EFFECTIVE_DATE,LARGE
600559,2008-10-15,SMALL,PIT_SAFE_HISTORICAL_MCAP,0.4602613657885815,PIT_SAFE,2002-10-29,KNOWN_EFFECTIVE_DATE,LARGE
600561,2005-06-15,SMALL,PIT_SAFE_HISTORICAL_MCAP,0.10543122962376411,PIT_SAFE,2002-07-16,KNOWN_EFFECTIVE_DATE,MID
600561,2007-10-15,SMALL,PIT_SAFE_HISTORICAL_MCAP,0.17476990802536618,PIT_SAFE,2002-07-16,KNOWN_EFFECTIVE_DATE,MID
600561,2008-10-15,SMALL,PIT_SAFE_HISTORICAL_MCAP,0.11362890389500274,PIT_SAFE,2002-07-16,KNOWN_EFFECTIVE_DATE,MID
600563,2005-06-15,SMALL,PIT_SAFE_HISTORICAL_MCAP,0.6154732887261728,PIT_SAFE,2002-12-10,KNOWN_EFFECTIVE_DATE,LARGE
600563,2007-10-15,SMALL,PIT_SAFE_HISTORICAL_MCAP,2.0292846862217724,PIT_SAFE,2002-12-10,KNOWN_EFFECTIVE_DATE,LARGE
600563,2008-10-15,SMALL,PIT_SAFE_HISTORICAL_MCAP,0.6285684691063033,PIT_SAFE,2002-12-10,KNOWN_EFFECTIVE_DATE,LARGE
600570,2005-06-15,SMALL,PIT_SAFE_HISTORICAL_MCAP,0.015601334913634971,PIT_SAFE,2003-12-16,KNOWN_EFFECTIVE_DATE,LARGE
600570,2007-10-15,SMALL,PIT_SAFE_HISTORICAL_MCAP,0.0939822105060117,PIT_SAFE,2003-12-16,KNOWN_EFFECTIVE_DATE,LARGE
600570,2008-10-15,SMALL,PIT_SAFE_HISTORICAL_MCAP,0.13271209352460847,PIT_SAFE,2003-12-16,KNOWN_EFFECTIVE_DATE,LARGE
600572,2005-06-15,SMALL,PIT_SAFE_HISTORICAL_MCAP,0.07728069056257743,PIT_SAFE,2004-04-12,KNOWN_EFFECTIVE_DATE,LARGE
600572,2007-10-15,SMALL,PIT_SAFE_HISTORICAL_MCAP,0.14101875824870325,PIT_SAFE,2007-09-13,KNOWN_EFFECTIVE_DATE,LARGE
600572,2008-10-15,SMALL,PIT_SAFE_HISTORICAL_MCAP,0.33876687387028737,PIT_SAFE,2007-09-13,KNOWN_EFFECTIVE_DATE,LARGE
600573,2005-06-15,SMALL,PIT_SAFE_HISTORICAL_MCAP,1.114986081371586,PIT_SAFE,2003-02-26,KNOWN_EFFECTIVE_DATE,MID
600573,2007-10-15,SMALL,PIT_SAFE_HISTORICAL_MCAP,2.2020042786323,PIT_SAFE,2003-02-26,KNOWN_EFFECTIVE_DATE,MID
600573,2008-10-15,SMALL,PIT_SAFE_HISTORICAL_MCAP,1.0982052736222307,PIT_SAFE,2003-02-26,KNOWN_EFFECTIVE_DATE,MID
600575,2005-06-15,SMALL,PIT_SAFE_HISTORICAL_MCAP,0.08325029708535299,PIT_SAFE,2003-03-28,KNOWN_EFFECTIVE_DATE,LARGE
600575,2007-10-15,SMALL,PIT_SAFE_HISTORICAL_MCAP,0.0745525038313428,PIT_SAFE,2003-03-28,KNOWN_EFFECTIVE_DATE,LARGE
600575,2008-10-15,SMALL,PIT_SAFE_HISTORICAL_MCAP,0.18685916120885707,PIT_SAFE,2003-03-28,KNOWN_EFFECTIVE_DATE,LARGE
600577,2005-06-15,SMALL,PIT_SAFE_HISTORICAL_MCAP,0.04254234666521118,PIT_SAFE,2002-09-11,KNOWN_EFFECTIVE_DATE,LARGE
600577,2007-10-15,SMALL,PIT_SAFE_HISTORICAL_MCAP,0.09936835837712527,PIT_SAFE,2007-04-24,KNOWN_EFFECTIVE_DATE,LARGE
600577,2008-10-15,SMALL,PIT_SAFE_HISTORICAL_MCAP,0.21086924993300105,PIT_SAFE,2008-04-24,KNOWN_EFFECTIVE_DATE,LARGE
600580,2005-06-15,SMALL,PIT_SAFE_HISTORICAL_MCAP,0.11179294587847417,PIT_SAFE,2002-06-06,KNOWN_EFFECTIVE_DATE,LARGE
600580,2007-10-15,SMALL,PIT_SAFE_HISTORICAL_MCAP,1.004619733306468,PIT_SAFE,2006-07-07,KNOWN_EFFECTIVE_DATE,LARGE
600580,2008-10-15,SMALL,PIT_SAFE_HISTORICAL_MCAP,0.8652830412172021,PIT_SAFE,2006-07-07,KNOWN_EFFECTIVE_DATE,LARGE
600583,2005-06-15,SMALL,PIT_SAFE_HISTORICAL_MCAP,0.3889509036636872,PIT_SAFE,2002-02-05,KNOWN_EFFECTIVE_DATE,LARGE
600583,2007-10-15,SMALL,PIT_SAFE_HISTORICAL_MCAP,2.5439261282098586,PIT_SAFE,2002-02-05,KNOWN_EFFECTIVE_DATE,LARGE
600583,2008-10-15,SMALL,PIT_SAFE_HISTORICAL_MCAP,1.4656939046270008,PIT_SAFE,2002-02-05,KNOWN_EFFECTIVE_DATE,LARGE
600584,2005-06-15,SMALL,PIT_SAFE_HISTORICAL_MCAP,0.18108630613206092,PIT_SAFE,2003-06-03,KNOWN_EFFECTIVE_DATE,LARGE
600584,2007-10-15,SMALL,PIT_SAFE_HISTORICAL_MCAP,0.48487049096008716,PIT_SAFE,2007-01-31,KNOWN_EFFECTIVE_DATE,LARGE
600584,2008-10-15,SMALL,PIT_SAFE_HISTORICAL_MCAP,0.8763741767407143,PIT_SAFE,2008-01-31,KNOWN_EFFECTIVE_DATE,LARGE
600585,2005-06-15,SMALL,PIT_SAFE_HISTORICAL_MCAP,1.2620689475007196,PIT_SAFE,2003-11-12,KNOWN_EFFECTIVE_DATE,LARGE
600585,2007-10-15,MID,PIT_SAFE_HISTORICAL_MCAP,19.72263803175538,PIT_SAFE,2007-05-25,KNOWN_EFFECTIVE_DATE,LARGE
600585,2008-10-15,MID,PIT_SAFE_HISTORICAL_MCAP,6.755932862164884,PIT_SAFE,2008-05-28,KNOWN_EFFECTIVE_DATE,LARGE
600588,2005-06-15,SMALL,PIT_SAFE_HISTORICAL_MCAP,0.030607515642368886,PIT_SAFE,2001-05-18,KNOWN_EFFECTIVE_DATE,LARGE
600588,2007-10-15,SMALL,PIT_SAFE_HISTORICAL_MCAP,0.21597978509553664,PIT_SAFE,2001-05-18,KNOWN_EFFECTIVE_DATE,LARGE
600588,2008-10-15,SMALL,PIT_SAFE_HISTORICAL_MCAP,0.8247416883279178,PIT_SAFE,2008-10-13,KNOWN_EFFECTIVE_DATE,LARGE
600589,2005-06-15,SMALL,PIT_SAFE_HISTORICAL_MCAP,0.03651643097242562,PIT_SAFE,2001-06-12,KNOWN_EFFECTIVE_DATE,LARGE
600589,2007-10-15,SMALL,PIT_SAFE_HISTORICAL_MCAP,0.13731601584068343,PIT_SAFE,2006-11-02,KNOWN_EFFECTIVE_DATE,LARGE
600589,2008-10-15,SMALL,PIT_SAFE_HISTORICAL_MCAP,0.2318340485889652,PIT_SAFE,2006-11-02,KNOWN_EFFECTIVE_DATE,LARGE
600595,2005-06-15,SMALL,PIT_SAFE_HISTORICAL_MCAP,0.14261849017267175,PIT_SAFE,2002-06-26,KNOWN_EFFECTIVE_DATE,LARGE
600595,2007-10-15,SMALL,PIT_SAFE_HISTORICAL_MCAP,2.1218979779868077,PIT_SAFE,2007-05-10,KNOWN_EFFECTIVE_DATE,LARGE
600595,2008-10-15,SMALL,PIT_SAFE_HISTORICAL_MCAP,2.5593167001327997,PIT_SAFE,2007-05-10,KNOWN_EFFECTIVE_DATE,LARGE
600596,2005-06-15,SMALL,PIT_SAFE_HISTORICAL_MCAP,0.15952925187522585,PIT_SAFE,2001-09-06,KNOWN_EFFECTIVE_DATE,LARGE
600596,2007-10-15,SMALL,PIT_SAFE_HISTORICAL_MCAP,1.334623182760723,PIT_SAFE,2001-09-06,KNOWN_EFFECTIVE_DATE,LARGE
600596,2008-10-15,SMALL,PIT_SAFE_HISTORICAL_MCAP,1.3339123229434273,PIT_SAFE,2001-09-06,KNOWN_EFFECTIVE_DATE,LARGE
600600,2005-06-15,MID,PIT_SAFE_HISTORICAL_MCAP,5.721032364859817,PIT_SAFE,2001-03-07,KNOWN_EFFECTIVE_DATE,LARGE
600600,2007-10-15,MID,PIT_SAFE_HISTORICAL_MCAP,27.66101317572281,PIT_SAFE,2001-03-07,KNOWN_EFFECTIVE_DATE,LARGE
600600,2008-10-15,MID,PIT_SAFE_HISTORICAL_MCAP,12.983324386728052,PIT_SAFE,2001-03-07,KNOWN_EFFECTIVE_DATE,LARGE
600606,2005-06-15,SMALL,PIT_SAFE_HISTORICAL_MCAP,0.13445546802878675,PIT_SAFE,2002-04-23,KNOWN_EFFECTIVE_DATE,LARGE
600606,2007-10-15,SMALL,PIT_SAFE_HISTORICAL_MCAP,0.12072150901964872,PIT_SAFE,2002-04-23,KNOWN_EFFECTIVE_DATE,LARGE
600606,2008-10-15,SMALL,PIT_SAFE_HISTORICAL_MCAP,0.6571103578874405,PIT_SAFE,2002-04-23,KNOWN_EFFECTIVE_DATE,LARGE
600611,2005-06-15,SMALL,PIT_SAFE_HISTORICAL_MCAP,0.5600628638307367,PIT_SAFE,2001-12-28,KNOWN_EFFECTIVE_DATE,LARGE
600611,2007-10-15,SMALL,PIT_SAFE_HISTORICAL_MCAP,4.538453081245904,PIT_SAFE,2001-12-28,KNOWN_EFFECTIVE_DATE,LARGE
600611,2008-10-15,SMALL,PIT_SAFE_HISTORICAL_MCAP,2.3394287540549263,PIT_SAFE,2001-12-28,KNOWN_EFFECTIVE_DATE,LARGE
600612,2005-06-15,SMALL,PIT_SAFE_HISTORICAL_MCAP,0.4241621859128925,PIT_SAFE,2000-12-08,KNOWN_EFFECTIVE_DATE,LARGE
600612,2007-10-15,SMALL,PIT_SAFE_HISTORICAL_MCAP,2.4834910084490485,PIT_SAFE,2000-12-08,KNOWN_EFFECTIVE_DATE,LARGE
600612,2008-10-15,SMALL,PIT_SAFE_HISTORICAL_MCAP,1.105705983628603,PIT_SAFE,2000-12-08,KNOWN_EFFECTIVE_DATE,LARGE
600613,2015-06-15,MID,PIT_SAFE_HISTORICAL_MCAP,11.202070712765472,PIT_SAFE,2014-07-08,KNOWN_EFFECTIVE_DATE,MID
600613,2018-10-15,SMALL,PIT_SAFE_HISTORICAL_MCAP,2.4544560435636478,PIT_SAFE,2016-06-27,KNOWN_EFFECTIVE_DATE,MID
600613,2022-12-15,SMALL,PIT_SAFE_HISTORICAL_MCAP,4.917057923572591,PIT_SAFE,2016-06-27,KNOWN_EFFECTIVE_DATE,MID
600615,2005-06-15,SMALL,PIT_SAFE_HISTORICAL_MCAP,0.40974292039907195,PIT_SAFE,2000-11-20,KNOWN_EFFECTIVE_DATE,MID
600615,2007-10-15,SMALL,PIT_SAFE_HISTORICAL_MCAP,0.5108161870309044,PIT_SAFE,2000-11-20,KNOWN_EFFECTIVE_DATE,MID
600615,2008-10-15,SMALL,PIT_SAFE_HISTORICAL_MCAP,2.042294900884361,PIT_SAFE,2000-11-20,KNOWN_EFFECTIVE_DATE,MID
600629,2005-06-15,SMALL,PIT_SAFE_HISTORICAL_MCAP,0.31937763021221877,PIT_SAFE,2000-12-08,KNOWN_EFFECTIVE_DATE,LARGE
600629,2007-10-15,SMALL,PIT_SAFE_HISTORICAL_MCAP,0.06927108271089312,PIT_SAFE,2000-12-08,KNOWN_EFFECTIVE_DATE,LARGE
600629,2008-10-15,SMALL,PIT_SAFE_HISTORICAL_MCAP,1.229210938744182,PIT_SAFE,2008-01-30,KNOWN_EFFECTIVE_DATE,LARGE
600639,2005-06-15,SMALL,PIT_SAFE_HISTORICAL_MCAP,1.7580764693292639,PIT_SAFE,2000-12-08,KNOWN_EFFECTIVE_DATE,LARGE
600639,2007-10-15,MID,PIT_SAFE_HISTORICAL_MCAP,7.0420091596291465,PIT_SAFE,2000-12-08,KNOWN_EFFECTIVE_DATE,LARGE
600639,2008-10-15,SMALL,PIT_SAFE_HISTORICAL_MCAP,4.793470888756676,PIT_SAFE,2000-12-08,KNOWN_EFFECTIVE_DATE,LARGE
600641,2005-06-15,SMALL,PIT_SAFE_HISTORICAL_MCAP,0.22686932490152567,PIT_SAFE,2002-03-01,KNOWN_EFFECTIVE_DATE,LARGE
600641,2007-10-15,SMALL,PIT_SAFE_HISTORICAL_MCAP,0.2229317835778459,PIT_SAFE,2002-03-01,KNOWN_EFFECTIVE_DATE,LARGE
600641,2008-10-15,SMALL,PIT_SAFE_HISTORICAL_MCAP,0.780747418504419,PIT_SAFE,2002-03-01,KNOWN_EFFECTIVE_DATE,LARGE
600642,2005-06-15,SMALL,PIT_SAFE_HISTORICAL_MCAP,2.5537906946738285,PIT_SAFE,2002-03-05,KNOWN_EFFECTIVE_DATE,LARGE
600642,2007-10-15,MID,PIT_SAFE_HISTORICAL_MCAP,17.79509613082867,PIT_SAFE,2006-06-05,KNOWN_EFFECTIVE_DATE,LARGE
600642,2008-10-15,MID,PIT_SAFE_HISTORICAL_MCAP,6.237033451490073,PIT_SAFE,2006-06-05,KNOWN_EFFECTIVE_DATE,LARGE
600648,2005-06-15,SMALL,PIT_SAFE_HISTORICAL_MCAP,2.652149944193105,PIT_SAFE,2000-04-03,KNOWN_EFFECTIVE_DATE,LARGE
600648,2007-10-15,MID,PIT_SAFE_HISTORICAL_MCAP,5.195395123303459,PIT_SAFE,2000-04-03,KNOWN_EFFECTIVE_DATE,LARGE
600648,2008-10-15,MID,PIT_SAFE_HISTORICAL_MCAP,5.303499205161249,PIT_SAFE,2000-04-03,KNOWN_EFFECTIVE_DATE,LARGE
600649,2005-06-15,MID,PIT_SAFE_HISTORICAL_MCAP,6.315573542860807,PIT_SAFE,2000-10-23,KNOWN_EFFECTIVE_DATE,LARGE
600649,2007-10-15,SMALL,PIT_SAFE_HISTORICAL_MCAP,4.277516441037568,PIT_SAFE,2000-10-23,KNOWN_EFFECTIVE_DATE,LARGE
600649,2008-10-15,MID,PIT_SAFE_HISTORICAL_MCAP,8.405455817582139,PIT_SAFE,2008-08-05,KNOWN_EFFECTIVE_DATE,LARGE
600658,2005-06-15,SMALL,PIT_SAFE_HISTORICAL_MCAP,0.1447188539992247,PIT_SAFE,2000-10-09,KNOWN_EFFECTIVE_DATE,MID
600658,2007-10-15,SMALL,PIT_SAFE_HISTORICAL_MCAP,0.186099868694452,PIT_SAFE,2000-10-09,KNOWN_EFFECTIVE_DATE,MID
600658,2008-10-15,SMALL,PIT_SAFE_HISTORICAL_MCAP,0.14754898176233106,PIT_SAFE,2000-10-09,KNOWN_EFFECTIVE_DATE,MID
600660,2005-06-15,SMALL,PIT_SAFE_HISTORICAL_MCAP,0.7966852955643058,PIT_SAFE,2003-08-21,KNOWN_EFFECTIVE_DATE,LARGE
600660,2007-10-15,SMALL,PIT_SAFE_HISTORICAL_MCAP,3.649121554049334,PIT_SAFE,2003-08-21,KNOWN_EFFECTIVE_DATE,LARGE
600660,2008-10-15,SMALL,PIT_SAFE_HISTORICAL_MCAP,1.2831957656880038,PIT_SAFE,2003-08-21,KNOWN_EFFECTIVE_DATE,LARGE
600663,2024-06-15,MID,PIT_SAFE_HISTORICAL_MCAP,46.10788335806,PIT_SAFE,2023-08-08,KNOWN_EFFECTIVE_DATE,LARGE
600663,2005-06-15,SMALL,APPROXIMATE_HISTORICAL_MCAP,3.9452620434955215,APPROXIMATE,2004-12-31,APPROXIMATE_EFFECTIVE_DATE,LARGE
600663,2007-10-15,MID,APPROXIMATE_HISTORICAL_MCAP,11.040471374036713,APPROXIMATE,2007-06-30,APPROXIMATE_EFFECTIVE_DATE,LARGE
600664,2005-06-15,SMALL,PIT_SAFE_HISTORICAL_MCAP,1.612542564813809,PIT_SAFE,2001-10-17,KNOWN_EFFECTIVE_DATE,LARGE
600664,2007-10-15,SMALL,PIT_SAFE_HISTORICAL_MCAP,1.3838280399197307,PIT_SAFE,2001-10-17,KNOWN_EFFECTIVE_DATE,LARGE
600664,2008-10-15,SMALL,PIT_SAFE_HISTORICAL_MCAP,4.213383909067293,PIT_SAFE,2001-10-17,KNOWN_EFFECTIVE_DATE,LARGE
600679,2007-10-15,SMALL,PIT_SAFE_HISTORICAL_MCAP,3.7712278848951746,PIT_SAFE,2006-01-04,KNOWN_EFFECTIVE_DATE,MID
600679,2008-10-15,SMALL,PIT_SAFE_HISTORICAL_MCAP,4.059632255989637,PIT_SAFE,2006-01-04,KNOWN_EFFECTIVE_DATE,MID
600679,2012-06-15,SMALL,PIT_SAFE_HISTORICAL_MCAP,2.307233562594962,PIT_SAFE,2006-01-04,KNOWN_EFFECTIVE_DATE,MID
600681,2005-06-15,SMALL,PIT_SAFE_HISTORICAL_MCAP,0.5645534479708026,PIT_SAFE,2000-04-03,KNOWN_EFFECTIVE_DATE,MID
600681,2007-10-15,SMALL,PIT_SAFE_HISTORICAL_MCAP,0.28238378338246484,PIT_SAFE,2000-04-03,KNOWN_EFFECTIVE_DATE,MID
600681,2008-10-15,SMALL,PIT_SAFE_HISTORICAL_MCAP,0.1464370799928929,PIT_SAFE,2000-04-03,KNOWN_EFFECTIVE_DATE,MID
600682,2005-06-15,SMALL,PIT_SAFE_HISTORICAL_MCAP,0.3391608226019145,PIT_SAFE,2000-11-03,KNOWN_EFFECTIVE_DATE,MID
600682,2007-10-15,SMALL,PIT_SAFE_HISTORICAL_MCAP,0.3595641725718304,PIT_SAFE,2000-11-03,KNOWN_EFFECTIVE_DATE,MID
600682,2008-10-15,SMALL,PIT_SAFE_HISTORICAL_MCAP,0.5720094886377445,PIT_SAFE,2000-11-03,KNOWN_EFFECTIVE_DATE,MID
600686,2007-10-15,SMALL,PIT_SAFE_HISTORICAL_MCAP,2.642127869583561,PIT_SAFE,2006-12-01,KNOWN_EFFECTIVE_DATE,MID
600686,2008-10-15,SMALL,PIT_SAFE_HISTORICAL_MCAP,2.8927514245581967,PIT_SAFE,2006-12-01,KNOWN_EFFECTIVE_DATE,MID
600686,2012-06-15,SMALL,PIT_SAFE_HISTORICAL_MCAP,1.2365190322987591,PIT_SAFE,2006-12-01,KNOWN_EFFECTIVE_DATE,MID
600690,2005-06-15,SMALL,PIT_SAFE_HISTORICAL_MCAP,0.46222823688492226,PIT_SAFE,2001-02-09,KNOWN_EFFECTIVE_DATE,LARGE
600690,2007-10-15,SMALL,PIT_SAFE_HISTORICAL_MCAP,3.3164156990823797,PIT_SAFE,2007-05-22,KNOWN_EFFECTIVE_DATE,LARGE
600690,2008-10-15,SMALL,PIT_SAFE_HISTORICAL_MCAP,2.961489574682796,PIT_SAFE,2007-05-22,KNOWN_EFFECTIVE_DATE,LARGE
600691,2015-06-15,SMALL,PIT_SAFE_HISTORICAL_MCAP,3.8859329679861223,PIT_SAFE,2013-10-25,KNOWN_EFFECTIVE_DATE,MID
600691,2018-10-15,SMALL,PIT_SAFE_HISTORICAL_MCAP,4.860623956539077,PIT_SAFE,2015-10-26,KNOWN_EFFECTIVE_DATE,MID
600691,2022-12-15,MID,PIT_SAFE_HISTORICAL_MCAP,7.7435079494104615,PIT_SAFE,2021-12-29,KNOWN_EFFECTIVE_DATE,MID
600693,2005-06-15,SMALL,PIT_SAFE_HISTORICAL_MCAP,0.08265164153147711,PIT_SAFE,2000-05-08,KNOWN_EFFECTIVE_DATE,MID
600693,2007-10-15,SMALL,PIT_SAFE_HISTORICAL_MCAP,0.47450792654211404,PIT_SAFE,2000-05-08,KNOWN_EFFECTIVE_DATE,MID
600693,2008-10-15,SMALL,PIT_SAFE_HISTORICAL_MCAP,0.6645239087253455,PIT_SAFE,2000-05-08,KNOWN_EFFECTIVE_DATE,MID
600703,2005-06-15,SMALL,PIT_SAFE_HISTORICAL_MCAP,0.04436945414209486,PIT_SAFE,2001-01-12,KNOWN_EFFECTIVE_DATE,LARGE
600703,2007-10-15,SMALL,PIT_SAFE_HISTORICAL_MCAP,0.016148980059033764,PIT_SAFE,2001-01-12,KNOWN_EFFECTIVE_DATE,LARGE
600703,2008-10-15,SMALL,PIT_SAFE_HISTORICAL_MCAP,0.27175608557307235,PIT_SAFE,2008-06-26,KNOWN_EFFECTIVE_DATE,LARGE
600707,2005-06-15,SMALL,PIT_SAFE_HISTORICAL_MCAP,2.106877306138438,PIT_SAFE,2000-03-29,KNOWN_EFFECTIVE_DATE,LARGE
600707,2007-10-15,SMALL,PIT_SAFE_HISTORICAL_MCAP,2.400444025578906,PIT_SAFE,2000-03-29,KNOWN_EFFECTIVE_DATE,LARGE
600707,2008-10-15,SMALL,PIT_SAFE_HISTORICAL_MCAP,1.9654641459292408,PIT_SAFE,2000-03-29,KNOWN_EFFECTIVE_DATE,LARGE
600715,2018-10-15,SMALL,PIT_SAFE_HISTORICAL_MCAP,3.565463247753842,PIT_SAFE,2018-08-21,KNOWN_EFFECTIVE_DATE,MID
600715,2022-12-15,SMALL,PIT_SAFE_HISTORICAL_MCAP,1.6470092578981546,PIT_SAFE,2020-08-21,KNOWN_EFFECTIVE_DATE,MID
600715,2024-06-15,SMALL,PIT_SAFE_HISTORICAL_MCAP,2.74518318,PIT_SAFE,2020-08-21,KNOWN_EFFECTIVE_DATE,MID
600717,2005-06-15,SMALL,PIT_SAFE_HISTORICAL_MCAP,2.248438510692596,PIT_SAFE,2004-03-31,KNOWN_EFFECTIVE_DATE,LARGE
600717,2007-10-15,MID,PIT_SAFE_HISTORICAL_MCAP,14.00673910885935,PIT_SAFE,2004-03-31,KNOWN_EFFECTIVE_DATE,LARGE
600717,2008-10-15,MID,PIT_SAFE_HISTORICAL_MCAP,14.694711037406847,PIT_SAFE,2008-04-01,KNOWN_EFFECTIVE_DATE,LARGE
600718,2005-06-15,SMALL,PIT_SAFE_HISTORICAL_MCAP,0.12774562605048084,PIT_SAFE,2001-01-18,KNOWN_EFFECTIVE_DATE,LARGE
600718,2007-10-15,SMALL,PIT_SAFE_HISTORICAL_MCAP,0.6697661094910415,PIT_SAFE,2001-01-18,KNOWN_EFFECTIVE_DATE,LARGE
600718,2008-10-15,SMALL,PIT_SAFE_HISTORICAL_MCAP,0.8667552784226785,PIT_SAFE,2008-03-11,KNOWN_EFFECTIVE_DATE,LARGE
600719,2005-06-15,SMALL,APPROXIMATE_HISTORICAL_MCAP,0.5827965929350457,APPROXIMATE,2004-12-31,APPROXIMATE_EFFECTIVE_DATE,MID
600719,2007-10-15,SMALL,APPROXIMATE_HISTORICAL_MCAP,0.405018546587907,APPROXIMATE,2007-06-30,APPROXIMATE_EFFECTIVE_DATE,MID
600719,2008-10-15,SMALL,APPROXIMATE_HISTORICAL_MCAP,0.781004757303927,APPROXIMATE,2008-06-30,APPROXIMATE_EFFECTIVE_DATE,MID
600720,2005-06-15,SMALL,PIT_SAFE_HISTORICAL_MCAP,0.4409843809869478,PIT_SAFE,2004-03-03,KNOWN_EFFECTIVE_DATE,LARGE
600720,2007-10-15,SMALL,PIT_SAFE_HISTORICAL_MCAP,1.7941221819637214,PIT_SAFE,2004-03-03,KNOWN_EFFECTIVE_DATE,LARGE
600720,2008-10-15,SMALL,PIT_SAFE_HISTORICAL_MCAP,0.9564243720736364,PIT_SAFE,2004-03-03,KNOWN_EFFECTIVE_DATE,LARGE
600721,2008-10-15,SMALL,PIT_SAFE_HISTORICAL_MCAP,0.20250261299228806,PIT_SAFE,2008-01-08,KNOWN_EFFECTIVE_DATE,MID
600721,2012-06-15,SMALL,PIT_SAFE_HISTORICAL_MCAP,0.5286318209024528,PIT_SAFE,2011-10-31,KNOWN_EFFECTIVE_DATE,MID
600721,2015-06-15,SMALL,PIT_SAFE_HISTORICAL_MCAP,0.3326776259373109,PIT_SAFE,2015-02-10,KNOWN_EFFECTIVE_DATE,MID
600722,2005-06-15,SMALL,PIT_SAFE_HISTORICAL_MCAP,1.5751133441344163,PIT_SAFE,2000-07-26,KNOWN_EFFECTIVE_DATE,MID
600722,2007-10-15,SMALL,PIT_SAFE_HISTORICAL_MCAP,0.8594101461465004,PIT_SAFE,2000-07-26,KNOWN_EFFECTIVE_DATE,MID
600722,2008-10-15,SMALL,PIT_SAFE_HISTORICAL_MCAP,3.970701443354356,PIT_SAFE,2000-07-26,KNOWN_EFFECTIVE_DATE,MID
600725,2007-10-15,SMALL,PIT_SAFE_HISTORICAL_MCAP,0.19396669952063625,PIT_SAFE,2007-08-09,KNOWN_EFFECTIVE_DATE,MID
600725,2008-10-15,SMALL,PIT_SAFE_HISTORICAL_MCAP,0.5412700463725952,PIT_SAFE,2008-08-11,KNOWN_EFFECTIVE_DATE,MID
600725,2012-06-15,SMALL,PIT_SAFE_HISTORICAL_MCAP,2.505012150377087,PIT_SAFE,2010-07-26,KNOWN_EFFECTIVE_DATE,MID
600731,2005-06-15,SMALL,PIT_SAFE_HISTORICAL_MCAP,0.5285217856888298,PIT_SAFE,2003-06-23,KNOWN_EFFECTIVE_DATE,MID
600731,2007-10-15,SMALL,PIT_SAFE_HISTORICAL_MCAP,2.0330994746352866,PIT_SAFE,2003-06-23,KNOWN_EFFECTIVE_DATE,MID
600731,2008-10-15,SMALL,PIT_SAFE_HISTORICAL_MCAP,0.6680784513367318,PIT_SAFE,2003-06-23,KNOWN_EFFECTIVE_DATE,MID
600733,2018-10-15,MID,PIT_SAFE_HISTORICAL_MCAP,9.44323024027487,PIT_SAFE,2018-08-23,KNOWN_EFFECTIVE_DATE,LARGE
600733,2022-12-15,MID,PIT_SAFE_HISTORICAL_MCAP,26.92727640355788,PIT_SAFE,2022-02-23,KNOWN_EFFECTIVE_DATE,LARGE
600733,2024-06-15,MID,PIT_SAFE_HISTORICAL_MCAP,40.686573133699994,PIT_SAFE,2024-05-20,KNOWN_EFFECTIVE_DATE,LARGE
600737,2005-06-15,SMALL,PIT_SAFE_HISTORICAL_MCAP,0.4635621315372842,PIT_SAFE,2001-01-12,KNOWN_EFFECTIVE_DATE,LARGE
600737,2007-10-15,SMALL,PIT_SAFE_HISTORICAL_MCAP,2.6979001334864012,PIT_SAFE,2001-01-12,KNOWN_EFFECTIVE_DATE,LARGE
600737,2008-10-15,MID,PIT_SAFE_HISTORICAL_MCAP,11.998132759927012,PIT_SAFE,2008-04-24,KNOWN_EFFECTIVE_DATE,LARGE
600738,2015-06-15,SMALL,PIT_SAFE_HISTORICAL_MCAP,2.110647972848347,PIT_SAFE,2013-03-20,KNOWN_EFFECTIVE_DATE,MID
600738,2018-10-15,SMALL,PIT_SAFE_HISTORICAL_MCAP,3.851136451836847,PIT_SAFE,2018-06-20,KNOWN_EFFECTIVE_DATE,MID
600738,2022-12-15,MID,PIT_SAFE_HISTORICAL_MCAP,5.181117043495106,PIT_SAFE,2021-04-19,KNOWN_EFFECTIVE_DATE,MID
600742,2005-06-15,SMALL,PIT_SAFE_HISTORICAL_MCAP,0.11168056777442237,PIT_SAFE,2001-01-17,KNOWN_EFFECTIVE_DATE,MID
600742,2007-10-15,SMALL,PIT_SAFE_HISTORICAL_MCAP,0.5220958457798365,PIT_SAFE,2001-01-17,KNOWN_EFFECTIVE_DATE,MID
600742,2008-10-15,SMALL,PIT_SAFE_HISTORICAL_MCAP,0.24854316209911156,PIT_SAFE,2001-01-17,KNOWN_EFFECTIVE_DATE,MID
600746,2005-06-15,SMALL,PIT_SAFE_HISTORICAL_MCAP,0.4006917951156802,PIT_SAFE,2000-04-26,KNOWN_EFFECTIVE_DATE,MID
600746,2007-10-15,SMALL,PIT_SAFE_HISTORICAL_MCAP,1.2834533801910146,PIT_SAFE,2000-04-26,KNOWN_EFFECTIVE_DATE,MID
600746,2008-10-15,SMALL,PIT_SAFE_HISTORICAL_MCAP,1.4778009151507274,PIT_SAFE,2000-04-26,KNOWN_EFFECTIVE_DATE,MID
600748,2008-10-15,SMALL,PIT_SAFE_HISTORICAL_MCAP,3.5507871483325526,PIT_SAFE,2008-03-27,KNOWN_EFFECTIVE_DATE,MID
600748,2012-06-15,SMALL,PIT_SAFE_HISTORICAL_MCAP,2.6923683355647703,PIT_SAFE,2011-03-28,KNOWN_EFFECTIVE_DATE,MID
600748,2015-06-15,MID,PIT_SAFE_HISTORICAL_MCAP,9.098819270358172,PIT_SAFE,2011-03-28,KNOWN_EFFECTIVE_DATE,MID
600749,2007-10-15,SMALL,PIT_SAFE_HISTORICAL_MCAP,0.7082428167475213,PIT_SAFE,2007-04-03,KNOWN_EFFECTIVE_DATE,MID
600749,2008-10-15,SMALL,PIT_SAFE_HISTORICAL_MCAP,1.5203611419953935,PIT_SAFE,2008-04-07,KNOWN_EFFECTIVE_DATE,MID
600749,2012-06-15,SMALL,PIT_SAFE_HISTORICAL_MCAP,3.1752432317077726,PIT_SAFE,2012-05-02,KNOWN_EFFECTIVE_DATE,MID
600755,2007-10-15,SMALL,PIT_SAFE_HISTORICAL_MCAP,2.768085269236523,PIT_SAFE,2007-08-15,KNOWN_EFFECTIVE_DATE,LARGE
600755,2008-10-15,SMALL,PIT_SAFE_HISTORICAL_MCAP,1.2627145388105492,PIT_SAFE,2007-08-15,KNOWN_EFFECTIVE_DATE,LARGE
600755,2012-06-15,SMALL,PIT_SAFE_HISTORICAL_MCAP,1.7853891415133256,PIT_SAFE,2009-12-29,KNOWN_EFFECTIVE_DATE,LARGE
600757,2005-06-15,SMALL,PIT_SAFE_HISTORICAL_MCAP,1.0405039118901465,PIT_SAFE,2000-12-07,KNOWN_EFFECTIVE_DATE,LARGE
600757,2007-10-15,SMALL,PIT_SAFE_HISTORICAL_MCAP,0.303861095193054,PIT_SAFE,2000-12-07,KNOWN_EFFECTIVE_DATE,LARGE
600757,2008-10-15,SMALL,PIT_SAFE_HISTORICAL_MCAP,0.7797251944066159,PIT_SAFE,2000-12-07,KNOWN_EFFECTIVE_DATE,LARGE
600761,2005-06-15,SMALL,PIT_SAFE_HISTORICAL_MCAP,0.26885968840022256,PIT_SAFE,2001-01-18,KNOWN_EFFECTIVE_DATE,LARGE
600761,2007-10-15,SMALL,PIT_SAFE_HISTORICAL_MCAP,3.717413237613167,PIT_SAFE,2006-07-06,KNOWN_EFFECTIVE_DATE,LARGE
600761,2008-10-15,SMALL,PIT_SAFE_HISTORICAL_MCAP,1.040357969707768,PIT_SAFE,2006-07-06,KNOWN_EFFECTIVE_DATE,LARGE
600776,2005-06-15,SMALL,PIT_SAFE_HISTORICAL_MCAP,0.8552270843848129,PIT_SAFE,2000-09-29,KNOWN_EFFECTIVE_DATE,LARGE
600776,2007-10-15,SMALL,PIT_SAFE_HISTORICAL_MCAP,3.990231047339824,PIT_SAFE,2000-09-29,KNOWN_EFFECTIVE_DATE,LARGE
600776,2008-10-15,SMALL,PIT_SAFE_HISTORICAL_MCAP,1.7415307006428349,PIT_SAFE,2000-09-29,KNOWN_EFFECTIVE_DATE,LARGE
600778,2005-06-15,SMALL,PIT_SAFE_HISTORICAL_MCAP,0.9701453476563788,PIT_SAFE,2001-04-05,KNOWN_EFFECTIVE_DATE,MID
600778,2007-10-15,SMALL,PIT_SAFE_HISTORICAL_MCAP,1.6685505683598116,PIT_SAFE,2001-04-05,KNOWN_EFFECTIVE_DATE,MID
600778,2008-10-15,SMALL,PIT_SAFE_HISTORICAL_MCAP,1.9601741787101585,PIT_SAFE,2001-04-05,KNOWN_EFFECTIVE_DATE,MID
600779,2005-06-15,SMALL,PIT_SAFE_HISTORICAL_MCAP,1.6757030524593433,PIT_SAFE,2001-10-10,KNOWN_EFFECTIVE_DATE,LARGE
600779,2007-10-15,MID,PIT_SAFE_HISTORICAL_MCAP,6.6120501776555,PIT_SAFE,2001-10-10,KNOWN_EFFECTIVE_DATE,LARGE
600779,2008-10-15,MID,PIT_SAFE_HISTORICAL_MCAP,6.34470318841634,PIT_SAFE,2001-10-10,KNOWN_EFFECTIVE_DATE,LARGE
600782,2008-10-15,MID,PIT_SAFE_HISTORICAL_MCAP,6.104872572125169,PIT_SAFE,2007-12-03,KNOWN_EFFECTIVE_DATE,LARGE
600782,2012-06-15,SMALL,PIT_SAFE_HISTORICAL_MCAP,2.3739119341165598,PIT_SAFE,2010-11-02,KNOWN_EFFECTIVE_DATE,LARGE
600782,2015-06-15,SMALL,PIT_SAFE_HISTORICAL_MCAP,4.393647577295533,PIT_SAFE,2010-11-02,KNOWN_EFFECTIVE_DATE,LARGE
600787,2005-06-15,SMALL,PIT_SAFE_HISTORICAL_MCAP,0.33114005617470704,PIT_SAFE,2000-12-06,KNOWN_EFFECTIVE_DATE,LARGE
600787,2007-10-15,SMALL,PIT_SAFE_HISTORICAL_MCAP,1.716044497986509,PIT_SAFE,2000-12-06,KNOWN_EFFECTIVE_DATE,LARGE
600787,2008-10-15,SMALL,PIT_SAFE_HISTORICAL_MCAP,1.7880270949680181,PIT_SAFE,2007-10-31,KNOWN_EFFECTIVE_DATE,LARGE
600793,2022-12-15,SMALL,PIT_SAFE_HISTORICAL_MCAP,1.701298549678028,PIT_SAFE,2020-05-18,KNOWN_EFFECTIVE_DATE,MID
600793,2024-06-15,SMALL,PIT_SAFE_HISTORICAL_MCAP,1.1903112,PIT_SAFE,2020-05-18,KNOWN_EFFECTIVE_DATE,MID
600793,2005-06-15,SMALL,APPROXIMATE_HISTORICAL_MCAP,0.3812756021953149,APPROXIMATE,2004-12-31,APPROXIMATE_EFFECTIVE_DATE,MID
600805,2005-06-15,SMALL,PIT_SAFE_HISTORICAL_MCAP,0.8600394363040582,PIT_SAFE,2000-05-08,KNOWN_EFFECTIVE_DATE,MID
600805,2007-10-15,SMALL,PIT_SAFE_HISTORICAL_MCAP,2.224684561447025,PIT_SAFE,2000-05-08,KNOWN_EFFECTIVE_DATE,MID
600805,2008-10-15,SMALL,PIT_SAFE_HISTORICAL_MCAP,1.0405187902454267,PIT_SAFE,2000-05-08,KNOWN_EFFECTIVE_DATE,MID
600814,2005-06-15,SMALL,PIT_SAFE_HISTORICAL_MCAP,0.4626219984921135,PIT_SAFE,2000-09-04,KNOWN_EFFECTIVE_DATE,MID
600814,2007-10-15,SMALL,PIT_SAFE_HISTORICAL_MCAP,1.3466284968470872,PIT_SAFE,2000-09-04,KNOWN_EFFECTIVE_DATE,MID
600814,2008-10-15,SMALL,PIT_SAFE_HISTORICAL_MCAP,1.7080628107980742,PIT_SAFE,2000-09-04,KNOWN_EFFECTIVE_DATE,MID
600817,2022-12-15,SMALL,PIT_SAFE_HISTORICAL_MCAP,4.137851871950445,PIT_SAFE,2022-07-08,KNOWN_EFFECTIVE_DATE,MID
600817,2024-06-15,SMALL,PIT_SAFE_HISTORICAL_MCAP,4.0982220513000005,PIT_SAFE,2024-05-28,KNOWN_EFFECTIVE_DATE,MID
600817,2005-06-15,SMALL,APPROXIMATE_HISTORICAL_MCAP,0.9843861943285195,APPROXIMATE,2004-12-31,APPROXIMATE_EFFECTIVE_DATE,MID
600824,2005-06-15,SMALL,PIT_SAFE_HISTORICAL_MCAP,0.1623010682314589,PIT_SAFE,2001-03-20,KNOWN_EFFECTIVE_DATE,MID
600824,2007-10-15,SMALL,PIT_SAFE_HISTORICAL_MCAP,2.243253436000862,PIT_SAFE,2006-12-20,KNOWN_EFFECTIVE_DATE,MID
600824,2008-10-15,SMALL,PIT_SAFE_HISTORICAL_MCAP,1.1763640796183912,PIT_SAFE,2006-12-20,KNOWN_EFFECTIVE_DATE,MID
600827,2005-06-15,SMALL,PIT_SAFE_HISTORICAL_MCAP,1.0201969036055436,PIT_SAFE,2002-05-27,KNOWN_EFFECTIVE_DATE,LARGE
600827,2007-10-15,SMALL,PIT_SAFE_HISTORICAL_MCAP,2.847325909738749,PIT_SAFE,2002-05-27,KNOWN_EFFECTIVE_DATE,LARGE
600827,2008-10-15,SMALL,PIT_SAFE_HISTORICAL_MCAP,3.0126661448490655,PIT_SAFE,2002-05-27,KNOWN_EFFECTIVE_DATE,LARGE
600835,2005-06-15,SMALL,APPROXIMATE_HISTORICAL_MCAP,1.9851292614963856,APPROXIMATE,2004-12-31,APPROXIMATE_EFFECTIVE_DATE,LARGE
600835,2007-10-15,MID,APPROXIMATE_HISTORICAL_MCAP,14.692985473371882,APPROXIMATE,2007-06-30,APPROXIMATE_EFFECTIVE_DATE,LARGE
600835,2008-10-15,MID,APPROXIMATE_HISTORICAL_MCAP,5.704837822252067,APPROXIMATE,2008-06-30,APPROXIMATE_EFFECTIVE_DATE,LARGE
600843,2005-06-15,SMALL,PIT_SAFE_HISTORICAL_MCAP,0.30258977750076455,PIT_SAFE,2004-05-13,KNOWN_EFFECTIVE_DATE,MID
600843,2007-10-15,SMALL,PIT_SAFE_HISTORICAL_MCAP,0.6005377358480296,PIT_SAFE,2004-05-13,KNOWN_EFFECTIVE_DATE,MID
600843,2008-10-15,SMALL,PIT_SAFE_HISTORICAL_MCAP,0.7128121490420735,PIT_SAFE,2004-05-13,KNOWN_EFFECTIVE_DATE,MID
600845,2015-06-15,SMALL,PIT_SAFE_HISTORICAL_MCAP,4.1747143910021105,PIT_SAFE,2015-03-09,KNOWN_EFFECTIVE_DATE,LARGE
600845,2018-10-15,SMALL,PIT_SAFE_HISTORICAL_MCAP,4.197549293399989,PIT_SAFE,2018-01-26,KNOWN_EFFECTIVE_DATE,LARGE
600845,2022-12-15,MID,PIT_SAFE_HISTORICAL_MCAP,51.405818720733926,PIT_SAFE,2022-09-01,KNOWN_EFFECTIVE_DATE,LARGE
600848,2018-10-15,MID,PIT_SAFE_HISTORICAL_MCAP,14.510125534532271,PIT_SAFE,2018-09-25,KNOWN_EFFECTIVE_DATE,LARGE
600848,2022-12-15,MID,PIT_SAFE_HISTORICAL_MCAP,28.7933434850296,PIT_SAFE,2022-12-02,KNOWN_EFFECTIVE_DATE,LARGE
600848,2024-06-15,MID,PIT_SAFE_HISTORICAL_MCAP,24.2158752384,PIT_SAFE,2022-12-02,KNOWN_EFFECTIVE_DATE,LARGE
600862,2005-06-15,SMALL,PIT_SAFE_HISTORICAL_MCAP,0.45146359866673236,PIT_SAFE,2000-06-07,KNOWN_EFFECTIVE_DATE,LARGE
600862,2007-10-15,SMALL,PIT_SAFE_HISTORICAL_MCAP,0.16680582575103287,PIT_SAFE,2000-06-07,KNOWN_EFFECTIVE_DATE,LARGE
600862,2008-10-15,SMALL,PIT_SAFE_HISTORICAL_MCAP,1.20105375239288,PIT_SAFE,2000-06-07,KNOWN_EFFECTIVE_DATE,LARGE
600865,2005-06-15,SMALL,PIT_SAFE_HISTORICAL_MCAP,0.5914611557660733,PIT_SAFE,2000-10-09,KNOWN_EFFECTIVE_DATE,MID
600865,2007-10-15,SMALL,PIT_SAFE_HISTORICAL_MCAP,2.6035116250699657,PIT_SAFE,2000-10-09,KNOWN_EFFECTIVE_DATE,MID
600865,2008-10-15,SMALL,PIT_SAFE_HISTORICAL_MCAP,1.005287169738302,PIT_SAFE,2000-10-09,KNOWN_EFFECTIVE_DATE,MID
600873,2005-06-15,SMALL,PIT_SAFE_HISTORICAL_MCAP,0.07437256074103799,PIT_SAFE,2000-12-08,KNOWN_EFFECTIVE_DATE,LARGE
600873,2007-10-15,SMALL,PIT_SAFE_HISTORICAL_MCAP,0.08119572745910744,PIT_SAFE,2000-12-08,KNOWN_EFFECTIVE_DATE,LARGE
600873,2008-10-15,SMALL,PIT_SAFE_HISTORICAL_MCAP,0.19468779902566746,PIT_SAFE,2000-12-08,KNOWN_EFFECTIVE_DATE,LARGE
600877,2022-12-15,MID,PIT_SAFE_HISTORICAL_MCAP,17.448933782221182,PIT_SAFE,2022-11-28,KNOWN_EFFECTIVE_DATE,LARGE
600877,2024-06-15,MID,PIT_SAFE_HISTORICAL_MCAP,13.67713022445,PIT_SAFE,2023-02-27,KNOWN_EFFECTIVE_DATE,LARGE
600877,2005-06-15,SMALL,APPROXIMATE_HISTORICAL_MCAP,1.0107149727254885,APPROXIMATE,2004-12-31,APPROXIMATE_EFFECTIVE_DATE,LARGE
600880,2005-06-15,SMALL,PIT_SAFE_HISTORICAL_MCAP,0.1943924214752568,PIT_SAFE,2000-12-08,KNOWN_EFFECTIVE_DATE,MID
600880,2007-10-15,SMALL,PIT_SAFE_HISTORICAL_MCAP,0.3122977049651929,PIT_SAFE,2000-12-08,KNOWN_EFFECTIVE_DATE,MID
600880,2008-10-15,SMALL,PIT_SAFE_HISTORICAL_MCAP,1.2043961310107114,PIT_SAFE,2007-11-26,KNOWN_EFFECTIVE_DATE,MID
600883,2005-06-15,SMALL,PIT_SAFE_HISTORICAL_MCAP,0.31329109265850535,PIT_SAFE,2001-11-30,KNOWN_EFFECTIVE_DATE,MID
600883,2007-10-15,SMALL,PIT_SAFE_HISTORICAL_MCAP,1.5791446010625623,PIT_SAFE,2001-11-30,KNOWN_EFFECTIVE_DATE,MID
600883,2008-10-15,SMALL,PIT_SAFE_HISTORICAL_MCAP,0.4729995338823563,PIT_SAFE,2001-11-30,KNOWN_EFFECTIVE_DATE,MID
600887,2005-06-15,SMALL,PIT_SAFE_HISTORICAL_MCAP,0.11195929299220303,PIT_SAFE,2002-09-10,KNOWN_EFFECTIVE_DATE,LARGE
600887,2007-10-15,SMALL,PIT_SAFE_HISTORICAL_MCAP,0.5698412524836114,PIT_SAFE,2002-09-10,KNOWN_EFFECTIVE_DATE,LARGE
600887,2008-10-15,SMALL,PIT_SAFE_HISTORICAL_MCAP,0.33527518014008956,PIT_SAFE,2002-09-10,KNOWN_EFFECTIVE_DATE,LARGE
600893,2005-06-15,SMALL,PIT_SAFE_HISTORICAL_MCAP,0.6068941436494365,PIT_SAFE,2001-01-18,KNOWN_EFFECTIVE_DATE,LARGE
600893,2007-10-15,SMALL,PIT_SAFE_HISTORICAL_MCAP,0.3968937980678025,PIT_SAFE,2001-01-18,KNOWN_EFFECTIVE_DATE,LARGE
600893,2008-10-15,SMALL,PIT_SAFE_HISTORICAL_MCAP,0.4485443691136742,PIT_SAFE,2001-01-18,KNOWN_EFFECTIVE_DATE,LARGE
600895,2005-06-15,SMALL,PIT_SAFE_HISTORICAL_MCAP,0.7454147909300378,PIT_SAFE,2001-03-21,KNOWN_EFFECTIVE_DATE,LARGE
600895,2007-10-15,MID,PIT_SAFE_HISTORICAL_MCAP,5.224788986679782,PIT_SAFE,2001-03-21,KNOWN_EFFECTIVE_DATE,LARGE
600895,2008-10-15,MID,PIT_SAFE_HISTORICAL_MCAP,10.306690264447425,PIT_SAFE,2008-08-21,KNOWN_EFFECTIVE_DATE,LARGE
600967,2005-06-15,SMALL,PIT_SAFE_HISTORICAL_MCAP,0.1580837090758062,PIT_SAFE,2004-05-18,KNOWN_EFFECTIVE_DATE,LARGE
600967,2007-10-15,SMALL,PIT_SAFE_HISTORICAL_MCAP,0.2659681277149681,PIT_SAFE,2004-05-18,KNOWN_EFFECTIVE_DATE,LARGE
600967,2008-10-15,SMALL,PIT_SAFE_HISTORICAL_MCAP,0.5630116741183119,PIT_SAFE,2008-06-06,KNOWN_EFFECTIVE_DATE,LARGE
600980,2005-06-15,SMALL,PIT_SAFE_HISTORICAL_MCAP,0.49534529397669697,PIT_SAFE,2004-05-12,KNOWN_EFFECTIVE_DATE,MID
600980,2007-10-15,SMALL,PIT_SAFE_HISTORICAL_MCAP,0.8198261676201726,PIT_SAFE,2004-05-12,KNOWN_EFFECTIVE_DATE,MID
600980,2008-10-15,SMALL,PIT_SAFE_HISTORICAL_MCAP,0.8958258121940409,PIT_SAFE,2004-05-12,KNOWN_EFFECTIVE_DATE,MID
