replay_case_id,symbol,as_of_date,market_cap_quality,market_cap,ma20,atr_pct,vol_ratio,price_pos,filter_market_cap,filter_st,filter_turnover_1d,filter_turnover_20d,filter_price_pos,filter_vol_ratio,filter_atr,final_candidate,exclusion_reason,pit_confidence
600519_2008-06-15,600519,2008-06-15,PIT_SAFE,22177491089.944035,91.24796911652697,2.98618469809196,0.9296089013777019,53.977953046885155,FAIL,UNKNOWN,PASS,PASS,FAIL,FAIL,FAIL,UNKNOWN,MARKET_CAP_ABOVE_90B; ST_UNKNOWN; PRICE_POS_ABOVE; VOL_RATIO_BELOW; ATR_BELOW,LOW
600519_2015-06-15,600519,2015-06-15,PIT_SAFE,45697020472.46888,185.57069897265842,5.304139271524349,1.3317069872234257,82.91117398097721,FAIL,UNKNOWN,PASS,PASS,FAIL,FAIL,PASS,UNKNOWN,MARKET_CAP_ABOVE_90B; ST_UNKNOWN; PRICE_POS_ABOVE; VOL_RATIO_BELOW,LOW
600519_2022-12-15,600519,2022-12-15,PIT_SAFE,386041569082.70184,1412.459055575203,2.8201099952826625,0.8061093608856572,53.247159363339016,FAIL,UNKNOWN,PASS,PASS,FAIL,FAIL,FAIL,UNKNOWN,MARKET_CAP_ABOVE_90B; ST_UNKNOWN; PRICE_POS_ABOVE; VOL_RATIO_BELOW; ATR_BELOW,LOW
000858_2008-06-15,000858,2008-06-15,PIT_SAFE,13129400016.186626,27.519081820410086,5.979726887503226,0.4906795079810011,63.79684892455162,FAIL,UNKNOWN,PASS,PASS,FAIL,FAIL,PASS,UNKNOWN,MARKET_CAP_ABOVE_90B; ST_UNKNOWN; PRICE_POS_ABOVE; VOL_RATIO_BELOW,LOW
000858_2015-06-15,000858,2015-06-15,PIT_SAFE,8505056239.94934,15.931083929401051,2.080551639505525,1.5906840992827964,82.16733153606232,PASS,UNKNOWN,PASS,PASS,FAIL,FAIL,FAIL,UNKNOWN,ST_UNKNOWN; PRICE_POS_ABOVE; VOL_RATIO_BELOW; ATR_BELOW,LOW
000858_2022-12-15,000858,2022-12-15,PIT_SAFE,601533679025.4985,139.86234107599714,3.736675947632178,1.1510661303620542,42.619640782874654,FAIL,UNKNOWN,PASS,PASS,FAIL,FAIL,PASS,UNKNOWN,MARKET_CAP_ABOVE_90B; ST_UNKNOWN; PRICE_POS_ABOVE; VOL_RATIO_BELOW,LOW
601318_2008-06-15,601318,2008-06-15,PIT_SAFE,134710751333.71252,20.42998561129412,6.177453031158282,2.488385453745901,0.024627293104859713,FAIL,UNKNOWN,PASS,PASS,PASS,FAIL,PASS,UNKNOWN,MARKET_CAP_ABOVE_90B; ST_UNKNOWN; VOL_RATIO_BELOW,LOW
601318_2015-06-15,601318,2015-06-15,PIT_SAFE,230133529464.51987,27.44006349848097,4.354093499267508,0.9780268897483124,88.63982032120359,FAIL,UNKNOWN,PASS,PASS,FAIL,FAIL,PASS,UNKNOWN,MARKET_CAP_ABOVE_90B; ST_UNKNOWN; PRICE_POS_ABOVE; VOL_RATIO_BELOW,LOW
601318_2022-12-15,601318,2022-12-15,PIT_SAFE,305401751414.0629,34.57373381195295,3.2221832290443544,0.6597311319264086,62.317869812480275,FAIL,UNKNOWN,PASS,PASS,FAIL,FAIL,PASS,UNKNOWN,MARKET_CAP_ABOVE_90B; ST_UNKNOWN; PRICE_POS_ABOVE; VOL_RATIO_BELOW,LOW
600036_2008-06-15,600036,2008-06-15,PIT_SAFE,63035796350.35504,10.506224165154741,5.295425643953005,0.8682382275453263,55.996833045452746,FAIL,UNKNOWN,PASS,PASS,FAIL,FAIL,PASS,UNKNOWN,MARKET_CAP_ABOVE_90B; ST_UNKNOWN; PRICE_POS_ABOVE; VOL_RATIO_BELOW,LOW
600036_2015-06-15,600036,2015-06-15,PIT_SAFE,273598174464.9863,10.744441122240065,5.670178629786713,0.9721182766653274,86.11053393631985,FAIL,UNKNOWN,PASS,PASS,FAIL,FAIL,PASS,UNKNOWN,MARKET_CAP_ABOVE_90B; ST_UNKNOWN; PRICE_POS_ABOVE; VOL_RATIO_BELOW,LOW
600036_2022-12-15,600036,2022-12-15,PIT_SAFE,665390223818.3516,25.0418818604291,3.3151542353655805,0.6889533913037257,38.91030624267911,FAIL,UNKNOWN,PASS,PASS,PASS,FAIL,PASS,UNKNOWN,MARKET_CAP_ABOVE_90B; ST_UNKNOWN; VOL_RATIO_BELOW,LOW
000002_2008-06-15,000002,2008-06-15,PIT_SAFE,78771738221.73424,11.45795784531624,5.872967046079631,0.756626037698237,87.46964067989109,FAIL,UNKNOWN,PASS,PASS,FAIL,FAIL,PASS,UNKNOWN,MARKET_CAP_ABOVE_90B; ST_UNKNOWN; PRICE_POS_ABOVE; VOL_RATIO_BELOW,LOW
000002_2015-06-15,000002,2015-06-15,PIT_SAFE,72581689800.39354,6.200766927984181,2.9621177787064936,2.0441423687322327,98.21342993652375,FAIL,UNKNOWN,PASS,PASS,FAIL,FAIL,FAIL,UNKNOWN,MARKET_CAP_ABOVE_90B; ST_UNKNOWN; PRICE_POS_ABOVE; VOL_RATIO_BELOW; ATR_BELOW,LOW
000002_2022-12-15,000002,2022-12-15,PIT_SAFE,214230981786.44,17.389000000000003,5.240935853734118,0.724181306066818,71.79487179487181,FAIL,UNKNOWN,PASS,PASS,FAIL,FAIL,PASS,UNKNOWN,MARKET_CAP_ABOVE_90B; ST_UNKNOWN; PRICE_POS_ABOVE; VOL_RATIO_BELOW,LOW
000333_2015-06-15,000333,2015-06-15,PIT_SAFE,56626818199.79285,12.324730097293237,3.331189440886025,1.6707944567328172,100.0,FAIL,UNKNOWN,PASS,PASS,FAIL,FAIL,PASS,UNKNOWN,MARKET_CAP_ABOVE_90B; ST_UNKNOWN; PRICE_POS_ABOVE; VOL_RATIO_BELOW,LOW
000333_2022-12-15,000333,2022-12-15,PIT_SAFE,274994705527.27814,36.36622564312788,3.2429803462762696,1.1512521776855928,37.34205837992058,FAIL,UNKNOWN,PASS,PASS,PASS,FAIL,PASS,UNKNOWN,MARKET_CAP_ABOVE_90B; ST_UNKNOWN; VOL_RATIO_BELOW,LOW
000568_2008-06-15,000568,2008-06-15,PIT_SAFE,18765470191.817635,22.77147259142862,6.0074134153442795,0.6064682555891827,66.6277275383693,FAIL,UNKNOWN,PASS,PASS,FAIL,FAIL,PASS,UNKNOWN,MARKET_CAP_ABOVE_90B; ST_UNKNOWN; PRICE_POS_ABOVE; VOL_RATIO_BELOW,LOW
000568_2015-06-15,000568,2015-06-15,PIT_SAFE,16311446497.349537,19.006469561551768,3.028853089235359,0.809479419435019,77.56274414868723,FAIL,UNKNOWN,PASS,PASS,FAIL,FAIL,PASS,UNKNOWN,MARKET_CAP_ABOVE_90B; ST_UNKNOWN; PRICE_POS_ABOVE; VOL_RATIO_BELOW,LOW
000568_2022-12-15,000568,2022-12-15,PIT_SAFE,287379567541.1246,172.7199648772967,4.577166522284333,1.02230954885026,61.29916850186541,FAIL,UNKNOWN,PASS,PASS,FAIL,FAIL,PASS,UNKNOWN,MARKET_CAP_ABOVE_90B; ST_UNKNOWN; PRICE_POS_ABOVE; VOL_RATIO_BELOW,LOW
002304_2015-06-15,002304,2015-06-15,UNKNOWN,,51.00056463200232,5.182004031612788,1.2852685510863293,100.0,UNKNOWN,UNKNOWN,PASS,PASS,FAIL,FAIL,PASS,UNKNOWN,MARKET_CAP_UNKNOWN; ST_UNKNOWN; PRICE_POS_ABOVE; VOL_RATIO_BELOW,LOW
002304_2022-12-15,002304,2022-12-15,UNKNOWN,,127.47539063507102,3.94758025052382,1.7135052998680051,67.68425172035231,UNKNOWN,UNKNOWN,PASS,PASS,FAIL,FAIL,PASS,UNKNOWN,MARKET_CAP_UNKNOWN; ST_UNKNOWN; PRICE_POS_ABOVE; VOL_RATIO_BELOW,LOW
002594_2015-06-15,002594,2015-06-15,PIT_SAFE,58887710658.65235,21.77323076276034,6.442762229799006,1.0577805326919665,83.94758647000499,FAIL,UNKNOWN,PASS,PASS,FAIL,FAIL,PASS,UNKNOWN,MARKET_CAP_ABOVE_90B; ST_UNKNOWN; PRICE_POS_ABOVE; VOL_RATIO_BELOW,LOW
002594_2022-12-15,002594,2022-12-15,PIT_SAFE,252709180427.43085,83.43431188982267,2.951914697155286,0.7058119321818801,41.748595446224726,FAIL,UNKNOWN,PASS,PASS,FAIL,FAIL,FAIL,UNKNOWN,MARKET_CAP_ABOVE_90B; ST_UNKNOWN; PRICE_POS_ABOVE; VOL_RATIO_BELOW; ATR_BELOW,LOW
002415_2015-06-15,002415,2015-06-15,PIT_SAFE,43376423889.14765,10.079410660299029,4.013350716380845,1.1981738976596301,98.98477327499263,FAIL,UNKNOWN,PASS,PASS,FAIL,FAIL,PASS,UNKNOWN,MARKET_CAP_ABOVE_90B; ST_UNKNOWN; PRICE_POS_ABOVE; VOL_RATIO_BELOW,LOW
002415_2022-12-15,002415,2022-12-15,PIT_SAFE,287206194274.7297,28.619271773635564,3.0774040136932954,0.8848988998857173,26.74854488750168,FAIL,UNKNOWN,PASS,PASS,PASS,FAIL,PASS,UNKNOWN,MARKET_CAP_ABOVE_90B; ST_UNKNOWN; VOL_RATIO_BELOW,LOW
000001_2008-06-15,000001,2008-06-15,PIT_SAFE,13436939311.65421,7.120817561129103,6.629634683817355,0.7450476876665382,70.32535258966894,FAIL,UNKNOWN,PASS,PASS,FAIL,FAIL,PASS,UNKNOWN,MARKET_CAP_ABOVE_90B; ST_UNKNOWN; PRICE_POS_ABOVE; VOL_RATIO_BELOW,LOW
000001_2015-06-15,000001,2015-06-15,PIT_SAFE,131761104789.98544,9.368672333148378,4.208544343187929,0.9549107574615145,85.57240730054065,FAIL,UNKNOWN,PASS,PASS,FAIL,FAIL,PASS,UNKNOWN,MARKET_CAP_ABOVE_90B; ST_UNKNOWN; PRICE_POS_ABOVE; VOL_RATIO_BELOW,LOW
000001_2022-12-15,000001,2022-12-15,PIT_SAFE,172380166580.33743,9.744738509187624,3.871314975432738,0.6311197076819539,34.373220794073355,FAIL,UNKNOWN,PASS,PASS,PASS,FAIL,PASS,UNKNOWN,MARKET_CAP_ABOVE_90B; ST_UNKNOWN; VOL_RATIO_BELOW,LOW
600028_2008-06-15,600028,2008-06-15,PIT_SAFE,352846831282.2242,3.8087639784552954,5.978248599490378,1.5035385562911585,18.761449457680467,FAIL,UNKNOWN,PASS,PASS,PASS,FAIL,PASS,UNKNOWN,MARKET_CAP_ABOVE_90B; ST_UNKNOWN; VOL_RATIO_BELOW,LOW
600028_2015-06-15,600028,2015-06-15,PIT_SAFE,341913464267.27075,3.797493948572734,4.012017879615269,0.9705722114094472,75.18959422814558,FAIL,UNKNOWN,PASS,PASS,FAIL,FAIL,PASS,UNKNOWN,MARKET_CAP_ABOVE_90B; ST_UNKNOWN; PRICE_POS_ABOVE; VOL_RATIO_BELOW,LOW
600028_2022-12-15,600028,2022-12-15,PIT_SAFE,434185111987.17,3.6241005040957788,1.807819922842622,0.699913558279808,78.77355587890256,FAIL,UNKNOWN,PASS,PASS,FAIL,FAIL,FAIL,UNKNOWN,MARKET_CAP_ABOVE_90B; ST_UNKNOWN; PRICE_POS_ABOVE; VOL_RATIO_BELOW; ATR_BELOW,LOW
601899_2015-06-15,601899,2015-06-15,PIT_SAFE,106136233380.13332,3.969347670268403,6.68772025720977,2.0335360593738825,92.28187262338096,FAIL,UNKNOWN,PASS,PASS,FAIL,FAIL,PASS,UNKNOWN,MARKET_CAP_ABOVE_90B; ST_UNKNOWN; PRICE_POS_ABOVE; VOL_RATIO_BELOW,LOW
601899_2022-12-15,601899,2022-12-15,PIT_SAFE,229560605157.31903,8.532820834370188,3.0431200900867696,0.5969711213399598,55.458094492269275,FAIL,UNKNOWN,PASS,PASS,FAIL,FAIL,PASS,UNKNOWN,MARKET_CAP_ABOVE_90B; ST_UNKNOWN; PRICE_POS_ABOVE; VOL_RATIO_BELOW,LOW
002230_2015-06-15,002230,2015-06-15,PIT_SAFE,8951385715.845604,17.201933569113805,5.681628604100593,0.9833731967458065,98.56747088507446,PASS,UNKNOWN,PASS,PASS,FAIL,FAIL,PASS,UNKNOWN,ST_UNKNOWN; PRICE_POS_ABOVE; VOL_RATIO_BELOW,LOW
002230_2022-12-15,002230,2022-12-15,PIT_SAFE,75436135999.31577,31.764632783342126,2.4802858101032075,0.8099789195202295,12.758590460804498,FAIL,UNKNOWN,PASS,PASS,PASS,FAIL,FAIL,UNKNOWN,MARKET_CAP_ABOVE_90B; ST_UNKNOWN; VOL_RATIO_BELOW; ATR_BELOW,LOW
300059_2015-06-15,300059,2015-06-15,PIT_SAFE,3691115510.6113834,11.514965841920983,8.9717346715012,0.9856739557027355,80.57385281626676,PASS,UNKNOWN,PASS,PASS,FAIL,FAIL,PASS,UNKNOWN,ST_UNKNOWN; PRICE_POS_ABOVE; VOL_RATIO_BELOW,LOW
300059_2022-12-15,300059,2022-12-15,PIT_SAFE,67738555263.21343,15.299968834003788,3.6458232324468964,0.6479146182369049,25.642207350998813,FAIL,UNKNOWN,PASS,PASS,PASS,FAIL,PASS,UNKNOWN,MARKET_CAP_ABOVE_90B; ST_UNKNOWN; VOL_RATIO_BELOW,LOW
002475_2015-06-15,002475,2015-06-15,PIT_SAFE,5272561501.713522,5.473805463828407,4.395422900592122,1.2470038019923837,100.0,PASS,UNKNOWN,PASS,PASS,FAIL,FAIL,PASS,UNKNOWN,ST_UNKNOWN; PRICE_POS_ABOVE; VOL_RATIO_BELOW,LOW
002475_2022-12-15,002475,2022-12-15,PIT_SAFE,124288294994.67175,30.09346452580665,3.341024375799042,0.7110267191735945,23.34574291000383,FAIL,UNKNOWN,PASS,PASS,PASS,FAIL,PASS,UNKNOWN,MARKET_CAP_ABOVE_90B; ST_UNKNOWN; VOL_RATIO_BELOW,LOW
000538_2008-06-15,000538,2008-06-15,PIT_SAFE,1712102739.142562,9.421239006225058,4.268024785412612,1.4285165045366206,88.22394914947658,PASS,UNKNOWN,PASS,PASS,FAIL,FAIL,PASS,UNKNOWN,ST_UNKNOWN; PRICE_POS_ABOVE; VOL_RATIO_BELOW,LOW
000538_2015-06-15,000538,2015-06-15,PIT_SAFE,19758111562.90523,26.723635168959323,2.6391277502026926,2.1071381837279666,28.057054091628626,FAIL,UNKNOWN,PASS,PASS,PASS,FAIL,FAIL,UNKNOWN,MARKET_CAP_ABOVE_90B; ST_UNKNOWN; VOL_RATIO_BELOW; ATR_BELOW,LOW
000538_2022-12-15,000538,2022-12-15,PIT_SAFE,61491401367.55479,47.645412727908734,2.037886687566381,0.8270491146604803,31.839140863639976,FAIL,UNKNOWN,PASS,PASS,PASS,FAIL,FAIL,UNKNOWN,MARKET_CAP_ABOVE_90B; ST_UNKNOWN; VOL_RATIO_BELOW; ATR_BELOW,LOW
601888_2015-06-15,601888,2015-06-15,PIT_SAFE,29783796116.18368,24.93716006937625,5.105878763856862,3.970407458550131,91.18166261415273,FAIL,UNKNOWN,PASS,PASS,FAIL,PASS,PASS,UNKNOWN,MARKET_CAP_ABOVE_90B; ST_UNKNOWN; PRICE_POS_ABOVE,LOW
601888_2022-12-15,601888,2022-12-15,PIT_SAFE,198164038050.61545,184.89306861239692,3.9749495258194267,0.8809641922855642,84.84757852661828,FAIL,UNKNOWN,PASS,PASS,FAIL,FAIL,PASS,UNKNOWN,MARKET_CAP_ABOVE_90B; ST_UNKNOWN; PRICE_POS_ABOVE; VOL_RATIO_BELOW,LOW
000725_2008-06-15,000725,2008-06-15,PIT_SAFE,19446902696.497047,6.938998036226079,7.868492199193191,1.8590227085738409,51.31406090572537,FAIL,UNKNOWN,PASS,PASS,FAIL,FAIL,PASS,UNKNOWN,MARKET_CAP_ABOVE_90B; ST_UNKNOWN; PRICE_POS_ABOVE; VOL_RATIO_BELOW,LOW
000725_2015-06-15,000725,2015-06-15,PIT_SAFE,154204884672.9382,3.995274944537593,5.647667984430317,1.0796241210982715,95.74607308625671,FAIL,UNKNOWN,PASS,PASS,FAIL,FAIL,PASS,UNKNOWN,MARKET_CAP_ABOVE_90B; ST_UNKNOWN; PRICE_POS_ABOVE; VOL_RATIO_BELOW,LOW
000725_2022-12-15,000725,2022-12-15,PIT_SAFE,125909453940.12775,3.339021338531299,1.6957049503676394,0.5995407181772681,18.1192600221354,FAIL,UNKNOWN,PASS,PASS,PASS,FAIL,FAIL,UNKNOWN,MARKET_CAP_ABOVE_90B; ST_UNKNOWN; VOL_RATIO_BELOW; ATR_BELOW,LOW
002352_2015-06-15,002352,2015-06-15,PIT_SAFE,736348513.0826348,8.16592035494559,3.431812268861322,0.8755762040761647,100.0,PASS,UNKNOWN,FAIL,PASS,FAIL,FAIL,PASS,UNKNOWN,ST_UNKNOWN; TURNOVER_1D_BELOW; PRICE_POS_ABOVE; VOL_RATIO_BELOW,LOW
002352_2022-12-15,002352,2022-12-15,PIT_SAFE,256439205397.81235,48.797856371949436,3.3776451674445993,1.1551207242996417,55.68897925790981,FAIL,UNKNOWN,PASS,PASS,FAIL,FAIL,PASS,UNKNOWN,MARKET_CAP_ABOVE_90B; ST_UNKNOWN; PRICE_POS_ABOVE; VOL_RATIO_BELOW,LOW
600809_2008-06-15,600809,2008-06-15,PIT_SAFE,2401793944.6711173,4.931754165255904,6.7661658445187625,1.2023155906802026,18.749998298819325,PASS,UNKNOWN,PASS,PASS,PASS,FAIL,PASS,UNKNOWN,ST_UNKNOWN; VOL_RATIO_BELOW,LOW
600809_2015-06-15,600809,2015-06-15,PIT_SAFE,6100847493.907522,13.878285253005782,3.1331760912513578,1.8036120308034724,83.11028264067465,PASS,UNKNOWN,PASS,PASS,FAIL,FAIL,PASS,UNKNOWN,ST_UNKNOWN; PRICE_POS_ABOVE; VOL_RATIO_BELOW,LOW
600809_2022-12-15,600809,2022-12-15,PIT_SAFE,315272353531.682,241.84920190676203,3.9544407544885987,1.09740168860551,50.26068827276987,FAIL,UNKNOWN,PASS,PASS,FAIL,FAIL,PASS,UNKNOWN,MARKET_CAP_ABOVE_90B; ST_UNKNOWN; PRICE_POS_ABOVE; VOL_RATIO_BELOW,LOW
000596_2008-06-15,000596,2008-06-15,APPROXIMATE,1484723299.2980025,6.144181667143227,6.6320650593213015,1.0766881742690617,38.91600360808975,PASS,UNKNOWN,FAIL,FAIL,PASS,FAIL,PASS,UNKNOWN,ST_UNKNOWN; TURNOVER_1D_BELOW; TURNOVER_20D_BELOW; VOL_RATIO_BELOW,LOW
000596_2015-06-15,000596,2015-06-15,PIT_SAFE,18998462407.141262,33.32671284479591,5.426044039931267,1.3745862242590288,100.0,FAIL,UNKNOWN,PASS,PASS,FAIL,FAIL,PASS,UNKNOWN,MARKET_CAP_ABOVE_90B; ST_UNKNOWN; PRICE_POS_ABOVE; VOL_RATIO_BELOW,LOW
000596_2022-12-15,000596,2022-12-15,PIT_SAFE,130940810389.42757,225.64936583551312,4.057958745317644,0.8188251873610853,97.56178426690843,FAIL,UNKNOWN,PASS,PASS,FAIL,FAIL,PASS,UNKNOWN,MARKET_CAP_ABOVE_90B; ST_UNKNOWN; PRICE_POS_ABOVE; VOL_RATIO_BELOW,LOW
603259_2022-12-15,603259,2022-12-15,PIT_SAFE,208180320339.99564,72.18075357543448,3.364028158142913,0.6117068681951298,12.718453064878393,FAIL,UNKNOWN,PASS,PASS,PASS,FAIL,PASS,UNKNOWN,MARKET_CAP_ABOVE_90B; ST_UNKNOWN; VOL_RATIO_BELOW,LOW
002502_2015-06-15,002502,2015-06-15,UNKNOWN,,0.6840275913476944,5.397785797025641,0.5716572396085853,21.232871853610806,UNKNOWN,UNKNOWN,FAIL,PASS,PASS,FAIL,PASS,UNKNOWN,MARKET_CAP_UNKNOWN; ST_UNKNOWN; TURNOVER_1D_BELOW; VOL_RATIO_BELOW,LOW
002502_2022-12-15,002502,2022-12-15,UNKNOWN,,0.5405463814735413,2.3751913407430396,0.5604569314145792,28.14237750530521,UNKNOWN,UNKNOWN,FAIL,FAIL,PASS,FAIL,FAIL,UNKNOWN,MARKET_CAP_UNKNOWN; ST_UNKNOWN; TURNOVER_1D_BELOW; TURNOVER_20D_BELOW; VOL_RATIO_BELOW; ATR_BELOW,LOW
300139_2015-06-15,300139,2015-06-15,PIT_SAFE,3094461789.94558,28.531618885764818,9.030875016988846,0.7787256340303003,79.44920795608084,PASS,UNKNOWN,PASS,PASS,FAIL,FAIL,PASS,UNKNOWN,ST_UNKNOWN; PRICE_POS_ABOVE; VOL_RATIO_BELOW,LOW
300139_2022-12-15,300139,2022-12-15,PIT_SAFE,876810723.3341727,7.8510850137973875,2.29923975517477,0.8975314567451234,17.10319659819169,PASS,UNKNOWN,FAIL,PASS,PASS,FAIL,FAIL,UNKNOWN,ST_UNKNOWN; TURNOVER_1D_BELOW; VOL_RATIO_BELOW; ATR_BELOW,LOW
300346_2015-06-15,300346,2015-06-15,PIT_SAFE,550549369.8172497,5.0684662727614995,3.327690407077847,1.5004913718046315,71.94020805979193,PASS,UNKNOWN,FAIL,FAIL,FAIL,FAIL,PASS,UNKNOWN,ST_UNKNOWN; TURNOVER_1D_BELOW; TURNOVER_20D_BELOW; PRICE_POS_ABOVE; VOL_RATIO_BELOW,LOW
300346_2022-12-15,300346,2022-12-15,PIT_SAFE,10512235519.380522,26.07626973892072,3.835797598595951,0.542284658739402,45.307272615791106,FAIL,UNKNOWN,PASS,PASS,FAIL,FAIL,PASS,UNKNOWN,MARKET_CAP_ABOVE_90B; ST_UNKNOWN; PRICE_POS_ABOVE; VOL_RATIO_BELOW,LOW
002359_2015-06-15,002359,2015-06-15,UNKNOWN,,4.0275,2.9333333333333327,1.1599952953229133,14.689265536723155,UNKNOWN,UNKNOWN,FAIL,PASS,PASS,FAIL,FAIL,UNKNOWN,MARKET_CAP_UNKNOWN; ST_UNKNOWN; TURNOVER_1D_BELOW; VOL_RATIO_BELOW; ATR_BELOW,LOW
002359_2022-12-15,002359,2022-12-15,UNKNOWN,,4.113472093917846,2.3595256638064317,0.957058133070395,53.514375579820815,UNKNOWN,UNKNOWN,FAIL,PASS,FAIL,FAIL,FAIL,UNKNOWN,MARKET_CAP_UNKNOWN; ST_UNKNOWN; TURNOVER_1D_BELOW; PRICE_POS_ABOVE; VOL_RATIO_BELOW; ATR_BELOW,LOW
000668_2008-06-15,000668,2008-06-15,UNKNOWN,,0.7149239620697256,4.557900417498964,0.6105207876398437,81.29092487628753,UNKNOWN,UNKNOWN,FAIL,FAIL,FAIL,FAIL,PASS,UNKNOWN,MARKET_CAP_UNKNOWN; ST_UNKNOWN; TURNOVER_1D_BELOW; TURNOVER_20D_BELOW; PRICE_POS_ABOVE; VOL_RATIO_BELOW,LOW
000668_2015-06-15,000668,2015-06-15,UNKNOWN,,2.024556554592139,3.7011797523380077,0.5909914732597418,96.58410825014847,UNKNOWN,UNKNOWN,FAIL,FAIL,FAIL,FAIL,PASS,UNKNOWN,MARKET_CAP_UNKNOWN; ST_UNKNOWN; TURNOVER_1D_BELOW; TURNOVER_20D_BELOW; PRICE_POS_ABOVE; VOL_RATIO_BELOW,LOW
000668_2022-12-15,000668,2022-12-15,UNKNOWN,,1.9771460476205558,2.986839625119868,0.7703834144612631,61.538440480076,UNKNOWN,UNKNOWN,FAIL,PASS,FAIL,FAIL,FAIL,UNKNOWN,MARKET_CAP_UNKNOWN; ST_UNKNOWN; TURNOVER_1D_BELOW; PRICE_POS_ABOVE; VOL_RATIO_BELOW; ATR_BELOW,LOW
